{"file_hashes":[{"block_hashes":["EmZTBBsDNKHi43c+eEyU6g5Oa48ACIuVn31/rChrV6s=","SUxqtJzfzH0P/UQpmOhQknpuJyopARbYIHiwnBZr8to=","PQwWsxZnIeLJ7DquRmVaQjQHrzgCX3wIuK0LCqTcVNk=","u/puioBMvKjHJIZ9YGS7cFrIwwQVPQVD3lKOEM/GDvE=","ddvuqWzlSycBf8Nov2/v6MTD9nReeuC5pPIZGsnWymk=","JG5d4Z2FNUmAuH8UnNiETlBpOQTUqxmZbzRHP19d7Vo=","YgAqzTUkiYWFcdLvs6jNbUMTLV8ndZ5GmGQ2iLRAhJY=","Zh+ZJzMcV9eWbIS88LCNQ+ahdNWa3lfX6ZimP2UL34Y=","7ZpAN/N+IOOn/UpYS/RrNODx4NVNWvlnanK8m9b10jI=","JN7T/jYIEVdq97AHDe9Hyp1EWre8rSmYva1hD4GTWHM=","VGdB6i6TvhcVkdAVecJAhLYLkR2mapOs4blmkpmyvzE=","jUfw/nxIgJJGPDm9EEL9OgFHad8t/ADBnk0YzIRbejI=","hR7ixs4MQAH6yQJXmlKahHg11gMCsandOWmGsKhdMYE=","WpFhwzbawhqyKAWDAvVVu4f9R0H5v5KqcaCu0tNO7zs=","CoV0iyZtKrunvMT26SYdRf54Gch00eul5kSIY9lLfvA=","WWDUBuZPrFvesJLWaCLR/FkHeSTcqCDn/4iM61fDAnw=","cbq/md/OV0TtI1Ei4DCJSJitxZWnPBOZ/njEuZ+OgLQ=","5OL7npKQSeSzDaGAHjd57hSUHIAC+8SVKHz7NJLTN54=","bY5wkefStmxaW6Ku4vq7SFq4x9+q/dINNwv73Yz9GYM=","PDMCXViF1xUjDZsMUeuYca7qHKCLYONq8RTFwqGVdDs=","i/Zmh5GSsoyQxFW1tKgrfw1dIj5QP3A7XnEFHk6t5/I=","LpK1u2rkWnyv67rGINfSmA0l8bqpWfP5Iqdv8glaCYU=","x9ceVWEvUQeWJJO3UakHMPRA5SaZdAcIcp+otpbx1g4=","bd37FOXtUKbYFeSX3tnI0P9sAkuFLIOBf0IHApcddGg=","XcHO5HsEtOp4LeuPzuBntEJ2m1yzLSLGdWbNgkB+0Os=","LGeCfn5SZ+NM6GETt7MSyCp3UK+fk81NszG3Kc4BLXo=","nTkvewA/Vv370Lg3rkoy9twTEcnKnyflJblAsQVLzDk=","OWkBNrLS49ZxDu4TRZskEONDMO+a57sfC/c4iQUokmY=","g185rZJBBAMbndKtC0lXM8LSeimllLi+om4UC7tBT3E=","8rD5bRq+hGhTCnXLCJuZNy9uyQQKgpD8SN8L3QU/GQU=","NfeaJ6S5y6SI1hSjFkILyWMz1wpFovA2mqp++e2S2JI=","52bOcbWRv61Vre187GpAC7PcigkUmgc8TLdZaUU161g=","A2g88Nq85uuON/bfOHgFd9o5xr0CZKuxuDLEURI3NTs=","6XzybjA8rtZkC10Hevs5qGsuL3qpmzrkNbsyAHCAJLk=","FzwCtsrtSfyyNFGUj+fv88WMiAFxRF0oCv0bzraVY6k=","zbnwRMbrtG6AZX4cD2Pj65nIIvMIeThacgEaJ/T5gX0="],"block_size":4096,"path":"background/background.js"},{"block_hashes":["rqFnHKuJlvQ03O+1/L/sCtsllJiXGKAOkmkC3gojBtA="],"block_size":4096,"path":"content/content.css"},{"block_hashes":["XXw1JNgiwCJHTjlnpo65dJe+vYsd1V1U3bnXUz6NeZs=","sl5kQ0POriBcxMGQL/GZ4SaYWpwXwfDTA6hEVRk/1TY=","E8XmnxFZzQFthjn3ZFzkCiIZ1i0+VdkIxJgdNNp2wu0=","iCc9dZanKVqPgNNxbe4njmRo2plZPBlDRqMsUflq5Is=","4Ho8npnVOHiqzEL6yGHa25hJXWSgaDkZ4A2/y6vcvBw=","se3yba5T6GqK/e318Ciz6BzaFulrnkabVfkbUnhQ7mU="],"block_size":4096,"path":"content/content.js"},{"block_hashes":["y6u4GBCftB4qdu4gpDkklfHcH+GWNgB3QEZBTY/+uRM=","iXVXwtvPatvkC91HMWLZP7cV9jcCbLmifxO0QDAHdkQ=","yQ+rYGSSxfOPYDjvxBOu9FiT1Mt790SnxeNO2TYBigE=","4z/LbNXdIfkB67CcuriQJWV682WjAIhy9vqlddf+04s=","KipcXdJ6JFRjEl+YxmNbJgEJJm3k7UiPYWztWtWYaV0=","9+eRSu1lQrHnw9Qt5mX2iLp/lAs8elkFjss5ze3LV7U=","1H71Up4paTSRyGgIjlaKFjCr80SM3wyYDqHhiHjrFkI=","CpwGvK+QslN3nKdTZ5IWhnaNTQaye4DDS0FbIMxmUHQ=","XZ2B9X9dd2GvHaFB2ZcIpXP5w0mjAvTnvz8A9mlaKzM=","jp2Jw+ssvco6RD9Rt9ORvg35Vr2qX+piMvI2CfqEGh0=","aKoCRaIaLNYtUFYyRgQYsTRpWWQ0dQLxaqF/fCe607U=","bU8ukw+rUYsY4Rrlc3ORb+1PyZzVqwKtdoaQZJpX4eg=","jyUDKmSX9AmXaa0Bx2s5eSracvLeDI/s/2nXYZxxKgY=","DYY3mFiU5MvsghRHw00N6FSDGLZnUNU+x46x1mCtaAs=","O3uNNgv4pcY5bCXM0n4E7vYSKrRbQp6lmoLpSlwuBGg=","WAODT1ApxZQ+3SC8c0eJyioeXIMXtpgEjTynq57JAVc=","GcRSQQW8JLsw0rhL7IFHRFhIb/Ccl1B5TbOTK4qtVaY=","1vnby2/hU2hCRQGCcqdXmBchBD4Mhe3ZkCBgiFK2HN0="],"block_size":4096,"path":"fonts/DMSans-Bold.ttf"},{"block_hashes":["hSnIOCme9UdCyCclB5xVAGFma16bKbBAlOhM2fQZ+TU=","iIGS2HdM+RHUYvdM/enkM2dxlvgSP57ttxfz67Zyaio=","Sfsch8a3aBKsQbIUnSlbBJgQzHNk3hjRr4G3tzIVEOY=","I+abIPhYVmEE5IBhVZFrFGFwKrkIu7LuZ2cPhBjawdI=","y3dH43nudKg1S9EP9137HNuLTVyKzKJJFWnvlyOtvfU=","vrxfdA7sH41qi4gMpLyRFCqOZZweQbMYf3zhaNUuggk=","Kiope/AB7X4+B26nSjtmH+OAt3DAomcGU63PKdQsjec=","utgfidmAiH+g1a6ihYYmHJw82FpiHdntl0LlsoYWY5U=","VyNdvkyE/UZ1mgmRiVtmiO3+L7QdgQc++H+9aDCAvCI=","8eBu6TUasxgDuCIP4wX+uXWDikQccbPaXn8MIKJqMnY=","p+0rXNBcDSWlks38SfCW5Ne1zbYlR8ltpCRJO1DepM4=","q+f+KfINIG2XLJP4ifpq0GtSzXNUMxW//pS+znme910=","2lL9PuoGZ+45OGivsCb8e2b0DiFADmnt5VXaQpCJLxw=","iB5KRgteRS/VAx/kgMH3msynqwTSoLEYZtyVAZZqHIc=","/yYMVmhn/Db1PK0ZDdxZmD+phRhl1qyq1TRff8fJE3s=","ngpEQxdskuvV48DcRnrzgbqDHiZK/4JvBJYUD/l9tRY=","0VMVnYOgyOLL8aOdIkFW928eEDxQy9wRzLszT9JV+qE=","SWhNsfB5rAJ1nT+dOipyqAz83ZxHZwc8XvbRh2hL+5E="],"block_size":4096,"path":"fonts/DMSans-Medium.ttf"},{"block_hashes":["5ECtbKYgd+8+7Wo+qDCLUO4ou9Wf5ltTMuwKJW9Sr2M=","Fh0GgmjzCUpgi+o6k9Y6j9003U4uuumAQEG03K11QQU=","0lRn+9yIVhxbFSGsVszEGByd39Pa4BeB/OTzD/DPjeU=","vD8JFAfGyVbg0CWTP72EolCHIlGjrFlVRxMk3l7otow=","+DAxJ2LBWNhH5i5uFNkeEm5xVogBryKc+KjPJa6YFJc=","qaXA13GcA3LbGy40ncetFwTur+f8i8GhSObTqQVOLjQ=","O/5+LfcH1rcu6WlOicmJlULXffUfmMru1YHaYQa2A3s=","Sx+bO+1/w7ZjPFLAQJn1LU5eoa38axET31mIu0ccqso=","DFibSxVtlRK72Cq8jkNvLQ1NpfwobjNTU3uRyFjZw+E=","f5U0k8Jh092IX0IteeQlueJlqTRGAQBEBUoGCpQWYI4=","HVB/2m0JQDIMq34r0Es+isVrA3wV3HXMOwv0/zNF5D8=","OO9Am/1uYJzwNtzeWb4CHBeAGnnau8FbRUIXYc/VnNE=","3lNlmK/sdjEfLgR0Un0RNmzpVLoVxZQTmnpcRh+440Y=","/yoj5RKZBJY99hIo9Qj5rBcp1SKpsBN6EswHVjJXD64=","/rpjFrn7I5YD0ppxTPoSFsdtmIEEVVOrgx7cCJdaxbs=","/13flJoKE4dLqkySXAV8CkiEngcbJPNU8AZUdZJyXLE=","Ch072cyPa1YK9YJy80u7EBXLw2c6dFYs9VDHBQIwjWc=","OtJp2CzMzewr9PzbSgHHKn81Dp0kFP7aP53cz2TntSg="],"block_size":4096,"path":"fonts/DMSans-Regular.ttf"},{"block_hashes":["ZRpQmmz2zSFtbo5hvttKviWnWRgOG2vv3UtdFtMh0Cw="],"block_size":4096,"path":"images/BounceRate.svg"},{"block_hashes":["1Oz9DvUgAQORpJaaG52Of322qdjjbpjI6uQPxOgyEJw="],"block_size":4096,"path":"images/category-rank.svg"},{"block_hashes":["MogEEQzXNVT7heSTihlHFlfv9mD4ooDBC+aSUzXpgXA="],"block_size":4096,"path":"images/close-button.svg"},{"block_hashes":["hCj+SO6gHVbfhhHHQmmzlIZmv25PzYthKoidRp+RVTs="],"block_size":4096,"path":"images/close.svg"},{"block_hashes":["3mgU15oMnkVaXy0N2CgcwaEW5AM5vcbbx1MWUCEJnu0="],"block_size":4096,"path":"images/copy-circle-button.svg"},{"block_hashes":["hMfL6Lpwu6jAh/Mm1nj4GOzgkh6yXFq1Zz/sZyvhxC8="],"block_size":4096,"path":"images/desktop-and-mobile.svg"},{"block_hashes":["ihD5PIfY51Ujzc0J+/J0K8v9hwn+43tgkhFu0X5o8+M="],"block_size":4096,"path":"images/desktop-computer.svg"},{"block_hashes":["KkWcnERyhGGqkV5mr/zUeTqfd8Gy+KiFeljpPW5/Qig="],"block_size":4096,"path":"images/email-circle-button.svg"},{"block_hashes":["xtRrty6dMU14KtEPuJcUEOSM+LkCrZ3m9YIHMR7bCyY="],"block_size":4096,"path":"images/empty-star.svg"},{"block_hashes":["Kb9N28hh79BMUwC74WkyJB4JTzaXeQfQt4qzCpfrrbY="],"block_size":4096,"path":"images/error.svg"},{"block_hashes":["rxCwdz/PwATEp5THMw5+EOgOGG5mGh8WfXuRYh091sQ="],"block_size":4096,"path":"images/facebook-circle-button.svg"},{"block_hashes":["cQzrSg3Jo1l/J8zaBMZ9A9wogxkd7ipRrbsSWsK8fgo="],"block_size":4096,"path":"images/filled-star.svg"},{"block_hashes":["Yc5fqWqicXsIfPnPouBoVDvAIW4WIYR/zLYzYvb47hA="],"block_size":4096,"path":"images/flags/0.svg"},{"block_hashes":["kmyb6Hg6hlsACQcjW1DaPRpQKqWcVfnMIOtlGZKqGkw="],"block_size":4096,"path":"images/flags/100.svg"},{"block_hashes":["7ETZ2gByEcbqakNiMRZYkIUlVb03Am3CzWU/kWQasHI="],"block_size":4096,"path":"images/flags/104.svg"},{"block_hashes":["MQoLv6qwElmxbNSH/89yylVcs85mOy9+9j/1pbIIGtI="],"block_size":4096,"path":"images/flags/108.svg"},{"block_hashes":["HmTLEfTX/M6j39uq4oIp0LHrywpUnQH2zsGVwKVaSSs="],"block_size":4096,"path":"images/flags/112.svg"},{"block_hashes":["WtKEKKZr2TSccKF8YwkQgRJbC/w7XDbHPYIoTFr0ZQc="],"block_size":4096,"path":"images/flags/116.svg"},{"block_hashes":["w9qdRqGQWPINJvR+07bRZ4TuhK8ZkkRTSwuq+yKZeC4="],"block_size":4096,"path":"images/flags/12.svg"},{"block_hashes":["MgYBaDaNJgV/Vj6fMdhv/n4gu9PC/22IZO3AZ7h34E4="],"block_size":4096,"path":"images/flags/120.svg"},{"block_hashes":["gxMGT1rGIg9+ytl6kCEU7Sz1Zqpc5pg6Bip3i4qL3M0="],"block_size":4096,"path":"images/flags/124.svg"},{"block_hashes":["AEG3Z7Rmjt5QaB9xpFgCZ972UWhhZQmRUxo6l100Pko="],"block_size":4096,"path":"images/flags/132.svg"},{"block_hashes":["6MiHDEpUapl3k0xTT2Lvb6kVstCW0NIXxMTNGd+1bGk="],"block_size":4096,"path":"images/flags/136.svg"},{"block_hashes":["ZUkh9coG2SxGzXsZa4VckHIUOL+mRapre7XzrP0uRfg="],"block_size":4096,"path":"images/flags/140.svg"},{"block_hashes":["jbdwJqVBA7Z8tx0ji9jd3AJtINM30iqxvyT8o2U9RSs="],"block_size":4096,"path":"images/flags/144.svg"},{"block_hashes":["eNdfMJv4wjVyYcJMX73NROpNaPWuOrkUJl9SO17faqQ="],"block_size":4096,"path":"images/flags/148.svg"},{"block_hashes":["Gwk1kvjZNK0eCUCOTcnQVuR0JJCWNnhBDiFs0MZesSQ="],"block_size":4096,"path":"images/flags/152.svg"},{"block_hashes":["jJ2Vyy4sPy+QZkZji+Cb9H3kBegI3yASZ+v4tY3Pdws="],"block_size":4096,"path":"images/flags/156.svg"},{"block_hashes":["EGctpctmPAIpDwh1Ze8WcEc+4U3FjCR8CXFPAWC0S5E="],"block_size":4096,"path":"images/flags/158.svg"},{"block_hashes":["r3al0qx5IDv85dkRJA4ifunYtqvvqfx8iE3QmGE/+88="],"block_size":4096,"path":"images/flags/16.svg"},{"block_hashes":["abS9TkpK0EvXSGkXiHTSnv3agXHeS3xBNDZ+TbMC8Iw="],"block_size":4096,"path":"images/flags/162.svg"},{"block_hashes":["38oPG91i6o6ZjRbt6vjRNz6dcr7c17R6fABMY9ZnsLo="],"block_size":4096,"path":"images/flags/166.svg"},{"block_hashes":["Uo/AiRr1Klp2+ku0cLHkZAwmjXGumJockLSS8jtJMNs="],"block_size":4096,"path":"images/flags/170.svg"},{"block_hashes":["k/CX63r/0658/CYV/npdBttO4CL1TkP9zKPMIerpl40="],"block_size":4096,"path":"images/flags/174.svg"},{"block_hashes":["/Wsrk/3wglyj0jdi1dd4BSS7xPMLvXdEnQxIcHfIyfM="],"block_size":4096,"path":"images/flags/178.svg"},{"block_hashes":["yEixFCtbb/w0B8zPqD9Ufp9fbr2CRX9y/JV6q4Tx9i4="],"block_size":4096,"path":"images/flags/180.svg"},{"block_hashes":["VtyzGo1+s/ONujJ5OexMFZkVp5+JFW3ou3eLB2yapd0="],"block_size":4096,"path":"images/flags/184.svg"},{"block_hashes":["6ws9X2tYP7Iw8o9BuRBshvP9ndEa7Jt3WsdAdq/GerA="],"block_size":4096,"path":"images/flags/188.svg"},{"block_hashes":["oIO/zo0P/Oz1ITrRnVMJQ6ul3u2PokMOHIvlyYNJSCk="],"block_size":4096,"path":"images/flags/191.svg"},{"block_hashes":["w70OsETitcx61VojSoqhbGIu8qQQBueeV6q9EFBm4bw="],"block_size":4096,"path":"images/flags/192.svg"},{"block_hashes":["/TCDLxs32msKnRAw1iWl/vauGgN4URWTra7Gpda5jOU="],"block_size":4096,"path":"images/flags/196.svg"},{"block_hashes":["aC7xNq41snrVWpV0B5+l2wTPxnaweY8I7pMKcM4Ai8A="],"block_size":4096,"path":"images/flags/20.svg"},{"block_hashes":["tAxJroAclw0uPb+ab3HQcHlqAZtj5F6y/GlQomF4qKU="],"block_size":4096,"path":"images/flags/203.svg"},{"block_hashes":["3uBUohu3LWLXBGMh853Wj7qUCr/k8XSLl1TNjP9jvVs="],"block_size":4096,"path":"images/flags/204.svg"},{"block_hashes":["YUqngAFkq7i5d7X0FD60l/pRA0fcfu3j64NLsKXn6UE="],"block_size":4096,"path":"images/flags/208.svg"},{"block_hashes":["5Cd5XzgTbNVTfNewFF9z2uNyscCirOhkCdjYNcgbeu8="],"block_size":4096,"path":"images/flags/212.svg"},{"block_hashes":["/nrJ7qikDhigcqZjAFVsVBXh7U1h2sxRlSPBfr69oVA="],"block_size":4096,"path":"images/flags/214.svg"},{"block_hashes":["vuv5Hg9BTtvZuz3eVO1cNYZujHShBleuSizw68W5a78="],"block_size":4096,"path":"images/flags/218.svg"},{"block_hashes":["fMpjDL9CEGvO+oFYl5IZ+zyF5TmOceVzyklrV8l3Yfk="],"block_size":4096,"path":"images/flags/222.svg"},{"block_hashes":["73w0awOkfXkG4O3Zb9uJgj1daREyIimCnTDShpOpxrs="],"block_size":4096,"path":"images/flags/226.svg"},{"block_hashes":["AaEu+8EHeWd9+7kknDkz0juxTg53qAf3cjHB0ZbpKbU="],"block_size":4096,"path":"images/flags/231.svg"},{"block_hashes":["N1vzIGFW4Yd+ATYFJNep/Nf/igCA/ujWvOm4go5ujIg="],"block_size":4096,"path":"images/flags/232.svg"},{"block_hashes":["2EYmuK1tSsdxKy+z1B8A+RkPt9WfKQ1CrN5GxD7ZjdQ="],"block_size":4096,"path":"images/flags/233.svg"},{"block_hashes":["TD8GSmoUqK07m2iDqg96HarSgVQhTNzlvmUGLhWN6rk="],"block_size":4096,"path":"images/flags/234.svg"},{"block_hashes":["XqBODn3oCeVRsPmx/8Y6bAjKo1KkNHq5wDyZuNGPg0g="],"block_size":4096,"path":"images/flags/238.svg"},{"block_hashes":["/UtBIpvP1MF3RCtBoxvbN1mf5WuffQlH8Ie9IGnM1S0="],"block_size":4096,"path":"images/flags/24.svg"},{"block_hashes":["8ubGdjEtzUm7BVmu1BPleNJYbW6+huHHjiIghmUNmh8="],"block_size":4096,"path":"images/flags/242.svg"},{"block_hashes":["KdrRp3SXL2YM8xu4n2ObGNDgbYS4EoNedxE1560FrDU="],"block_size":4096,"path":"images/flags/246.svg"},{"block_hashes":["6A/CjYYQWOLJ07NAoaMmxOLYVTodzmsCYyrggSvdnzA="],"block_size":4096,"path":"images/flags/248.svg"},{"block_hashes":["k7O5keGytj5SzgTerfdPgFuKKEY+Y+QWNty9F86trD0="],"block_size":4096,"path":"images/flags/250.svg"},{"block_hashes":["h7TgQYqlaMQqgOkbJFM2DHkwxVXq4sFNRBbq8iv5Rac="],"block_size":4096,"path":"images/flags/254.svg"},{"block_hashes":["aNePwb4BcptcqDxr92HHAW3KEpLec6PePTtj3sMwQJs="],"block_size":4096,"path":"images/flags/262.svg"},{"block_hashes":["4dSbcLoHhzDZgv7U7JLviusEmPlxOnEusgkK2SjpjsQ="],"block_size":4096,"path":"images/flags/266.svg"},{"block_hashes":["gjQvcAvyqNG0TszAVFtJ34iJEX7R7rekN2++0US0yg0="],"block_size":4096,"path":"images/flags/268.svg"},{"block_hashes":["n/Cjf2P3na2ud+XZvVvEX98GokE21Cftei4+U+9kI44="],"block_size":4096,"path":"images/flags/270.svg"},{"block_hashes":["o1qfK0OnBkQeZ5/rHQUfJ/85nKz3aCopxbVogvi92sg="],"block_size":4096,"path":"images/flags/276.svg"},{"block_hashes":["+qK+qdhzijpTtriWRkVbnBLLml9U5g0CVY9sIVu/Rn8="],"block_size":4096,"path":"images/flags/28.svg"},{"block_hashes":["+R1iKJOupRdCsuezisZfKaabBgPl07smAWVqBxM9GaU="],"block_size":4096,"path":"images/flags/288.svg"},{"block_hashes":["EEuBN5VdCu9dllQ+Te7JuzG41sznmbZGiSxm9vk0nx4="],"block_size":4096,"path":"images/flags/292.svg"},{"block_hashes":["1+DlVKSAlSV2g45koevqmq/Us/8/2B0CzWZaYCLPrYU="],"block_size":4096,"path":"images/flags/296.svg"},{"block_hashes":["qT+QUHClul91S+hWDXK/pyPMdOiCcGfWJK+NveUc2EY="],"block_size":4096,"path":"images/flags/300.svg"},{"block_hashes":["5g2gePYVyQ4lagodY0b0DnoG340ivhuqDd7OZQ6zPdY="],"block_size":4096,"path":"images/flags/304.svg"},{"block_hashes":["orEfFI64WjUkP7hmlrwzdcD1xSsqOvGsseC31w1nHLA="],"block_size":4096,"path":"images/flags/308.svg"},{"block_hashes":["EkhazCPu/ybGqeY5c9V6teJCEy5GQVw/3dNSXdGnCKY="],"block_size":4096,"path":"images/flags/31.svg"},{"block_hashes":["AGqotR4MaeluJQzr/b0JP0NPQqi0syM9NEP5KMQezFs="],"block_size":4096,"path":"images/flags/316.svg"},{"block_hashes":["3v6bfMDGBeOxforPYstLQa9Pai6apfHU/BXkfbt8Lu8="],"block_size":4096,"path":"images/flags/32.svg"},{"block_hashes":["BxzWBihTmOMBnBlAKplUqGlsrq5t4gVOKQPpsrLs7Is="],"block_size":4096,"path":"images/flags/320.svg"},{"block_hashes":["B5KrdEmORFwsIJAcgmWROcaX0MaLvmuMczBH/390tNM="],"block_size":4096,"path":"images/flags/324.svg"},{"block_hashes":["hlmXYmNizU3Ot9ymXXlXRmKhtTEOPiJLWLHqiuPEqEs="],"block_size":4096,"path":"images/flags/328.svg"},{"block_hashes":["ycS5qkWzuP7U57tuBjmNC3EglKLd+/slHsyvbd80YIM="],"block_size":4096,"path":"images/flags/332.svg"},{"block_hashes":["jCTMTzeQ2cTBc/o69wf2JLyukvlUeJs+ZheZuGYUKrg="],"block_size":4096,"path":"images/flags/336.svg"},{"block_hashes":["cyVMTiSZM7dWYRBAuzsDcvGWRaaEZN3WXHJKd0plhCs="],"block_size":4096,"path":"images/flags/340.svg"},{"block_hashes":["S2pqASociz/pWdG7bQcI0RgFpWvkcaDsNoco5Pusc10="],"block_size":4096,"path":"images/flags/344.svg"},{"block_hashes":["oN9gIZkzvqk31c63uMat3gPzsAWtr3u04ghuw8/3C/k="],"block_size":4096,"path":"images/flags/348.svg"},{"block_hashes":["0DLDGJIWPA7KlYtlpD2d0qnnd7hTfrxZ344xasjocBM="],"block_size":4096,"path":"images/flags/352.svg"},{"block_hashes":["Pv8g7pK9HRCk7yh+iQVwdOl4i90nhR9mIe396e5HaAg="],"block_size":4096,"path":"images/flags/356.svg"},{"block_hashes":["ApDJs9fnda8vm5OauWt4rSsCykL/xi1qUG22ksaD2p8="],"block_size":4096,"path":"images/flags/36.svg"},{"block_hashes":["YlLMtahwjuggGTMq+X/jZH/HN0DmYvQJnobNaCbBY/w="],"block_size":4096,"path":"images/flags/360.svg"},{"block_hashes":["34Not8/uPssLgKocf+5yw1Txxi87ArAILo3O8Yi9x6o="],"block_size":4096,"path":"images/flags/364.svg"},{"block_hashes":["vh6ocPag2vDnflD9A/aGLitMlODfINGDaBLfdqOl1eA="],"block_size":4096,"path":"images/flags/368.svg"},{"block_hashes":["tuawhb3lc9cdv7iQBmpZ/DXLFYkNBxwRP/C/oBWC9w0="],"block_size":4096,"path":"images/flags/372.svg"},{"block_hashes":["H5Ey0VQ66yPisba8u1gWFN12oYSs45qeVDEmeyFt0SI="],"block_size":4096,"path":"images/flags/376.svg"},{"block_hashes":["5mfPmj8e+U2JUoc+Ux+UUnKomLaOKbFcgBC8YGwdTDA="],"block_size":4096,"path":"images/flags/380.svg"},{"block_hashes":["dK0MiIOdKV4OKrc+mtwIzEWKhTIrYfpu8ZU0q5UW12k="],"block_size":4096,"path":"images/flags/388.svg"},{"block_hashes":["+kmgLWDirwtRMWaH5bAMbPihEaRmK/y+GDlfz4ad+i0="],"block_size":4096,"path":"images/flags/392.svg"},{"block_hashes":["kHgI9M3DdiWSxxkRuDIZX11/LcynG64uScnOqx25LYQ="],"block_size":4096,"path":"images/flags/398.svg"},{"block_hashes":["v7t6arV+hylgIjEpFQe+GEj6EDxZMVP2Y1bpySXI5g4="],"block_size":4096,"path":"images/flags/4.svg"},{"block_hashes":["Ti3+eRrA2/YcvqBDJIQpoeR5jM9xAZArmnmpE+/wxYY="],"block_size":4096,"path":"images/flags/40.svg"},{"block_hashes":["6xq2zTY7O+dlqnpI6oBN7t1rcPbG8kgn2ePF1zaI5Hg="],"block_size":4096,"path":"images/flags/400.svg"},{"block_hashes":["EFzJ+O6g4W0JylElwpaPK9lHxAIYNzM7xovVOZM9bCk="],"block_size":4096,"path":"images/flags/404.svg"},{"block_hashes":["U4B1PGn4NnhVakaP2eLvp8lcQ07NOl+nve52z42xmvQ="],"block_size":4096,"path":"images/flags/408.svg"},{"block_hashes":["xJ4g3WZR3qLxbQTN1+Sfpfpl3EfuJHUZjJdb9le+WeY="],"block_size":4096,"path":"images/flags/410.svg"},{"block_hashes":["crWOaIaO7yxzHsr8iDS10zeha7BZCiInK1MMZF7VsCg="],"block_size":4096,"path":"images/flags/414.svg"},{"block_hashes":["Bbkehqii519YTB3jSInO8M16kShgjYhpVlf1Fk0iuuc="],"block_size":4096,"path":"images/flags/417.svg"},{"block_hashes":["W7Yjd0+ZBvmMSfbijMhJeBNxgY0Pcnagx2pCp/ECH0E="],"block_size":4096,"path":"images/flags/418.svg"},{"block_hashes":["JXRkItMN9jdHEqxfAMWhrUerNW7Ls6BkNekM7QBYKyo="],"block_size":4096,"path":"images/flags/422.svg"},{"block_hashes":["Gkyc+0+MckLeREcDJxeocL8hHoKsb40fLuuKVJ0tJjs="],"block_size":4096,"path":"images/flags/426.svg"},{"block_hashes":["RKnikfeCEwipuoT77a79z5Pp8v5bnkQKiE7m8oohNt8="],"block_size":4096,"path":"images/flags/428.svg"},{"block_hashes":["ix3NPQf6q7f6viq6uZtHVpdEHodkAxJ58as8paa5c0U="],"block_size":4096,"path":"images/flags/430.svg"},{"block_hashes":["IgAWNJ+hUG3gdqdCWrgWtwbdPiGks/btkXysqa+OYy8="],"block_size":4096,"path":"images/flags/434.svg"},{"block_hashes":["bAl8bopkmco3Kyedopp+PYiiEAlcYB4gHoUVvherXyg="],"block_size":4096,"path":"images/flags/438.svg"},{"block_hashes":["mrmqvgdSsHrjH96bBRx3R4U4LQqVRdlGSb4TmwuH7So="],"block_size":4096,"path":"images/flags/44.svg"},{"block_hashes":["d2rRrFuT+GLfxyQj5/nouvNO+6JzYPWbs9FT1JDBtBA="],"block_size":4096,"path":"images/flags/440.svg"},{"block_hashes":["T3Y8cmnnu/XE/PEnbdmTxHMxW0arl0fjzRn1guUDnqY="],"block_size":4096,"path":"images/flags/442.svg"},{"block_hashes":["KQ5fBnyDNfUAvf4oZugo/xUWa3hnuLFp6KlgxcKkYLw="],"block_size":4096,"path":"images/flags/446.svg"},{"block_hashes":["ZAunppSk5JgJbt36qVhXjPERanFrbLop5kupzgekNOM="],"block_size":4096,"path":"images/flags/450.svg"},{"block_hashes":["jr3zKuUbN5V/PSY/JIb/ONWwZVwtEiMF2n3OEWx4q4I="],"block_size":4096,"path":"images/flags/452.svg"},{"block_hashes":["z5cprl9+Rr6Ugw9jsw1l8SL3DujYw39IweIcl211DAw="],"block_size":4096,"path":"images/flags/454.svg"},{"block_hashes":["sFRcwcmx7aP4jsEVh2vZP1OfJA05ELbo25sEsdAXrhE="],"block_size":4096,"path":"images/flags/458.svg"},{"block_hashes":["7YI/tDnuv5xCLdAnkIwBaXJr3FMbqpo1rtn006XT/Aw="],"block_size":4096,"path":"images/flags/466.svg"},{"block_hashes":["TWQGZD5kd33pzd/iZQfT9WTOogYiXAPbqUaB9R7WEAc="],"block_size":4096,"path":"images/flags/470.svg"},{"block_hashes":["fx2xopBzpPXVIw3wsLeLIJByNwTG1kLrabl83D1fcUs="],"block_size":4096,"path":"images/flags/474.svg"},{"block_hashes":["ZnXLgmiNOovhKgO219U9g9SPsVqxydXpx0Gq46mMQAU="],"block_size":4096,"path":"images/flags/478.svg"},{"block_hashes":["NfERH48DAru4zPRmePKsUo4/qlqOXXo2RiErM6tSHkM="],"block_size":4096,"path":"images/flags/48.svg"},{"block_hashes":["XmCfcMLKImPQvcl7AKh1NgATn6p1IjIcH8NZbZsij9c="],"block_size":4096,"path":"images/flags/480.svg"},{"block_hashes":["bEjgKodMuFfFjTeVb8/I9YYTthkXslEOVtJmA2d/1HQ="],"block_size":4096,"path":"images/flags/484.svg"},{"block_hashes":["OWKc9Xj7BalseKDvZJdI1y2OP9O7cwXjhMkwP9r8Q5g="],"block_size":4096,"path":"images/flags/492.svg"},{"block_hashes":["33YnmzU+UCtfz5rIXpHAmL/crAm6wAJPOydjspFhvzM="],"block_size":4096,"path":"images/flags/496.svg"},{"block_hashes":["/6dwDH72uxPZCazb8/K2ofVlqFMwgJR+vh4eaaPg24s="],"block_size":4096,"path":"images/flags/498.svg"},{"block_hashes":["8uCYdQEWRWIZEfylBjJjm7sa2dc4kxz5WzLN4KKYu1I="],"block_size":4096,"path":"images/flags/499.svg"},{"block_hashes":["i8En354UIJkZbEMoMadZdMMucsLBmtJq0Y2nPHXzhDg="],"block_size":4096,"path":"images/flags/50.svg"},{"block_hashes":["4T/yNPuwvt80KV7JHXYZ4aamRkZ+VROCJ73eWBVJERU="],"block_size":4096,"path":"images/flags/500.svg"},{"block_hashes":["CRBTxE0BJ8TlrqqmVigrw99zCuAw/DfJEzIXRAYMOAk="],"block_size":4096,"path":"images/flags/504.svg"},{"block_hashes":["prmzOTfMTjo4eH3qUpwc21NQgF1tJI4LDhViV925piQ="],"block_size":4096,"path":"images/flags/508.svg"},{"block_hashes":["lR6iTcb7c+5d/NBqcgpIEi4q3EQI8zsZLhgTgjsqA5o="],"block_size":4096,"path":"images/flags/51.svg"},{"block_hashes":["YE+a/0tYKM04xhTofpg5f3ejR4VoZk4MbOJfgHQe+6A="],"block_size":4096,"path":"images/flags/512.svg"},{"block_hashes":["HjhU3YmJXaT/81BnVp7fn1mSO82Z5C8FFHrdEnlGOnA="],"block_size":4096,"path":"images/flags/516.svg"},{"block_hashes":["juS4PFeg2NAg3bDQa0j+5gOnQZLQHGiETtnOoTKTSJw="],"block_size":4096,"path":"images/flags/52.svg"},{"block_hashes":["GWfQyLO8/AwMt2TKfob72F53sb/8gmuYhixwDLtGKCg="],"block_size":4096,"path":"images/flags/520.svg"},{"block_hashes":["0EwCk7elmDlt3cpnK8wiMr/l2Eksxq5ZGKyCRGlp5xs="],"block_size":4096,"path":"images/flags/524.svg"},{"block_hashes":["tcGseKQMopJ7x1O/SunY7bCBsrCT6ZENkBd9tZkjNFo="],"block_size":4096,"path":"images/flags/528.svg"},{"block_hashes":["UudaTMm90C6Z3KsC9QUnbx6aGxui3qrnYBOJRubdtds="],"block_size":4096,"path":"images/flags/530.svg"},{"block_hashes":["IheYVqxSscaKL3CjVbT5TlWIBrRrydW/XrAZnCL1akg="],"block_size":4096,"path":"images/flags/531.svg"},{"block_hashes":["YBdOVyV4lGADmcZACbN/4j5nhJy3iUc8jFax+bapbgQ="],"block_size":4096,"path":"images/flags/534.svg"},{"block_hashes":["w5R82GzecdhGP78bWNkF8xooKIkX0Meoy7PIYF/mJUc=","W90sznNS6WbEt4iN4M8fy+By5bu1gYAGxSmppmx8i/s=","1ACI+NfVY2C/KIUrHBhrIkx0zZQgJQuu/yoPVTjdbl8=","vUm2wiF0C/iX+vHbld/Wrln3UVZmbs/Jb39V22K8rLw="],"block_size":4096,"path":"images/flags/540.svg"},{"block_hashes":["Ls7wLo5BTsmATtfSKYl+Ckc6JpbXlFvysqjqw6hYv90="],"block_size":4096,"path":"images/flags/548.svg"},{"block_hashes":["JqDy0sn2Jk+OJi3mi3pB57dHZFR8iKbDOQoQYKUluZM="],"block_size":4096,"path":"images/flags/553.svg"},{"block_hashes":["pBJ/TNb1Uf1mzG6y4DWfeE8psnayyRzd8xmh3D1hkvM="],"block_size":4096,"path":"images/flags/554.svg"},{"block_hashes":["RqHeiUh4HOFR9FEb5k9+FTvsqp0BALpGaYMg6CCdqgg="],"block_size":4096,"path":"images/flags/558.svg"},{"block_hashes":["NQRr04FXrFr78Wz/e1a0fabdBXrHFapYDhw/7k18w/A="],"block_size":4096,"path":"images/flags/56.svg"},{"block_hashes":["SibDzDn2Cy3swDIF0X/kGcbGv3UISi6WUm6dpWCJh4s="],"block_size":4096,"path":"images/flags/562.svg"},{"block_hashes":["2T+20K2BAmsxMaiVI7mi+eX5yrWWEPr8YOIzW81KX8U="],"block_size":4096,"path":"images/flags/566.svg"},{"block_hashes":["tdtCuj5CG0yftjR5W7OevLFgaU7C1AqZDb5dNmnjPzg="],"block_size":4096,"path":"images/flags/570.svg"},{"block_hashes":["j7or0lvZch3EIsRJqPsQPcowQQR1FCQfrwhTH3gxJG4="],"block_size":4096,"path":"images/flags/574.svg"},{"block_hashes":["SLhnrfuBVvYySSYDy2CkorTHXqSq14VklQa1L0kfd0w="],"block_size":4096,"path":"images/flags/578.svg"},{"block_hashes":["8FVGAuF9SOa2Z4i4GZKbVSCEyIRBOXiqpwTVDAYc3h0="],"block_size":4096,"path":"images/flags/580.svg"},{"block_hashes":["JbUXxQsyMPlnwdlvErzTBlZEplOQlZTsXjF3UpUU54U="],"block_size":4096,"path":"images/flags/583.svg"},{"block_hashes":["zq5xsdzxskRTMc2OS46nWw7/tgvIz1r6c3paH+ezPaY="],"block_size":4096,"path":"images/flags/584.svg"},{"block_hashes":["Cpu/d9zJPmt3ZjpYI86iXJ8WrdfmmD6iWAfyTApHOhg="],"block_size":4096,"path":"images/flags/585.svg"},{"block_hashes":["dPKR17plWgOdA3HsMNDc15NnSejr8DFuH8ReERoW7qU="],"block_size":4096,"path":"images/flags/586.svg"},{"block_hashes":["GxwGMpvIsCMYzMItmIMe+yQpwtDmJE/7wLSts0fyH5w="],"block_size":4096,"path":"images/flags/591.svg"},{"block_hashes":["7EcCzy8X1S7MFRX6Nz88z8sGHIdQV0f7oW1GVT8VruA="],"block_size":4096,"path":"images/flags/598.svg"},{"block_hashes":["7vm07ZdR6VOlhhLa3dC6NnaaFrVe8VL7GMBO0FEWzzU="],"block_size":4096,"path":"images/flags/60.svg"},{"block_hashes":["7/MW4A8s1uFNECUAbnD6oJm2WDNZObOVmKR7laL7B/8="],"block_size":4096,"path":"images/flags/600.svg"},{"block_hashes":["PJSJVi+hiNwiDbBYZzBN5WacRkHGPT1NZGjSsXCm00c="],"block_size":4096,"path":"images/flags/604.svg"},{"block_hashes":["KkjtKJbaPWb1lc49IV/0yfpYuJywiQEGwBE9WVJ/sDU="],"block_size":4096,"path":"images/flags/608.svg"},{"block_hashes":["Ou0RDHiHpymHdTWFuDPzUb/UXex60nm0J3hnFntjRr8="],"block_size":4096,"path":"images/flags/612.svg"},{"block_hashes":["LSpQ7EIHWPipou/BpjG7iy9x0s/oIpoxM4PU4PE0P7o="],"block_size":4096,"path":"images/flags/616.svg"},{"block_hashes":["4lttdUkrJhigYayAb2PlFqcYxC73SbUoUMe4X4WSGe4="],"block_size":4096,"path":"images/flags/620.svg"},{"block_hashes":["Ph+ST45g9qdmQ6ZUwX851Nc3hfCTgSURtcWSqzAeB6g="],"block_size":4096,"path":"images/flags/624.svg"},{"block_hashes":["qa+qAZe4bKjv6M7N6ye/6I6WM7NDumCDlNiA10VqhT0="],"block_size":4096,"path":"images/flags/626.svg"},{"block_hashes":["adarxy215oPBX6ZUl1SjE9t4hRjnWeKOA2E8OznwhEM="],"block_size":4096,"path":"images/flags/630.svg"},{"block_hashes":["/M9YlNfuy2VWPkpQ14+8UZr0DO+FeUiNARPtVhrf05M="],"block_size":4096,"path":"images/flags/634.svg"},{"block_hashes":["qTNyRLP4w9A2bsFDpQOkCZIi2+soNxrU8m2+htFGXmM="],"block_size":4096,"path":"images/flags/638.svg"},{"block_hashes":["MBhOdIE/FXJ6hoN+YNrKSJNcQTklnaDTYIBkIKgfK50="],"block_size":4096,"path":"images/flags/64.svg"},{"block_hashes":["TB2K/r7ZrzIKy+yGmm9FrlboaeP8FAJj4XD2CCsGwgU="],"block_size":4096,"path":"images/flags/642.svg"},{"block_hashes":["kng54ktfmxQFi+m5zSJDX/DI4VLLJPdYl5um3Ix7Uzw="],"block_size":4096,"path":"images/flags/643.svg"},{"block_hashes":["7AX7a/32Qb3C9Iw0ItLPEzGSPU6uQJ6zHaDW+vQnvEw="],"block_size":4096,"path":"images/flags/646.svg"},{"block_hashes":["riH40/Q5zJcE+Vz5NSju1gveCK7uFiU7aQEjrhGIfX4="],"block_size":4096,"path":"images/flags/652.svg"},{"block_hashes":["0b5H1ek8snxagIIr6yTDkHrhTGXJy2IG09ZLBjfXcyM="],"block_size":4096,"path":"images/flags/659.svg"},{"block_hashes":["vn9mT1IPoHevqVbRLGxWmiiKZM1VoabSv4eAD24gfps="],"block_size":4096,"path":"images/flags/660.svg"},{"block_hashes":["BCsnXafDVH9dh60mkPy6GZjoueWLT2pHwCALaPvllug="],"block_size":4096,"path":"images/flags/662.svg"},{"block_hashes":["mM911C1hJ0LTJw8EXjKFlJ4HkM4OhkdUrnQy85RiMZM="],"block_size":4096,"path":"images/flags/670.svg"},{"block_hashes":["txJQv+Iic2tVnXW80RdJH7ecqXIR3OzbHIYFw40GNdM="],"block_size":4096,"path":"images/flags/674.svg"},{"block_hashes":["a4VZCMN+gLxtpfFpNijIZzSsg8t0tkrvnzX58kkKx+A="],"block_size":4096,"path":"images/flags/678.svg"},{"block_hashes":["LkWXjRbpJ3QYqo37m+ETPHMstibKLelOsEvEivvEhUQ="],"block_size":4096,"path":"images/flags/68.svg"},{"block_hashes":["916hZX1vnsXBOF8CA6sja7aavTnDi7OHqzWuXhDGTYI="],"block_size":4096,"path":"images/flags/682.svg"},{"block_hashes":["C4otoT5KNIpRPU6P1mQUQegXeOjDfq0HOHd5KZRA3KA="],"block_size":4096,"path":"images/flags/686.svg"},{"block_hashes":["5dzyPm2HaOhxefpdSICrWN4tclfelBHYU5djP+BbmQ4="],"block_size":4096,"path":"images/flags/688.svg"},{"block_hashes":["DPpj+G9GhIZULpVQVuSO9BB4KVS391pS3L2TRvca1dQ="],"block_size":4096,"path":"images/flags/690.svg"},{"block_hashes":["qwbGqktH4Ujnumpg9KItX8iMkj3N1Mo6bcLTvHfdJRw="],"block_size":4096,"path":"images/flags/694.svg"},{"block_hashes":["pNxURwHyJf3iyuhgJk8CKlrxaPg0qX03dcOgY6gl/F4="],"block_size":4096,"path":"images/flags/70.svg"},{"block_hashes":["TFxlu1mGOb1JtnILdCOHpbDGMeQDGNTD9D7Aj5Gzm/w="],"block_size":4096,"path":"images/flags/702.svg"},{"block_hashes":["CQPRFX1o6fpSsAMyfJLPvsbyOS9OsO6rkmGp0B7zKg4="],"block_size":4096,"path":"images/flags/703.svg"},{"block_hashes":["w0LxbC7JHUYpLhb5zyshwqWHmJv6ozU/LWmZ36hARfE="],"block_size":4096,"path":"images/flags/704.svg"},{"block_hashes":["3q8DkVuvTHEPcF9UyPVnpmcOJyu9WCHbRHYAgnpp5LA="],"block_size":4096,"path":"images/flags/705.svg"},{"block_hashes":["gsWq+j1V2Lpjlq4gaSm7uj6k0BRqI06gafO3KeYcs8w="],"block_size":4096,"path":"images/flags/706.svg"},{"block_hashes":["auy2u9OM7bvqZVEUVMatCYjGzzxP3TisPms7yvCDOxw="],"block_size":4096,"path":"images/flags/710.svg"},{"block_hashes":["VNPBmR6Djm43LHAXK8BqkxUaGd40Ch4JUMglOwK5Tyk="],"block_size":4096,"path":"images/flags/716.svg"},{"block_hashes":["fWs1XLTVpfOLJZUmz4MDxeww/VKiYnElB+gMUMIautc="],"block_size":4096,"path":"images/flags/72.svg"},{"block_hashes":["IZs6qGzjbf3gkLXh5uQEwLB9ktO2LDIpm5rZ3G7VWVU="],"block_size":4096,"path":"images/flags/724.svg"},{"block_hashes":["IX5E/dpQms7wV8UfmbY0OmpCiAddHjnxPI2OUoqyIOE="],"block_size":4096,"path":"images/flags/728.svg"},{"block_hashes":["+N9hcFDgm2jHmFV/HwYxJKdQ1nan0TJgW9sTkoN4LIY="],"block_size":4096,"path":"images/flags/729.svg"},{"block_hashes":["e7OFf6nKK75X4i5dzq/J6NlTj3xHliL1ZhcqWqWY+JI="],"block_size":4096,"path":"images/flags/732.svg"},{"block_hashes":["GQD9ZSnTs00ZEkZY4+acPclUtsKyjH0xDE7bfR2GCVc="],"block_size":4096,"path":"images/flags/740.svg"},{"block_hashes":["Ta0P6aDqZdZJ6ToedEshY9mKF1+YciNtqWzpLHggPWE="],"block_size":4096,"path":"images/flags/748.svg"},{"block_hashes":["rgpxzUfHK2PaiMmfJ0JHvuLm89OSUG5aF0sv+ZoI2To="],"block_size":4096,"path":"images/flags/752.svg"},{"block_hashes":["QS1j1O3GXyWJK1BtNQaxDTn4X8g6mNoWlQTvblmAeMA="],"block_size":4096,"path":"images/flags/756.svg"},{"block_hashes":["RrwuIpUUKTCzDTaW0HabkDV/cxX/eJl9DDr6x29z6L8="],"block_size":4096,"path":"images/flags/76.svg"},{"block_hashes":["l/aLgeo0D+HXot9PZxNw5Z75saaEkl6zarNwCLdAoog="],"block_size":4096,"path":"images/flags/760.svg"},{"block_hashes":["crY62+J2NNDS3adp14hHg3aOjev7EARYSRWaK8auyyE="],"block_size":4096,"path":"images/flags/762.svg"},{"block_hashes":["8rZxLVaAgulARWRxsv2vl9xWvZiNZ1ZQJS8ROcxQGRU="],"block_size":4096,"path":"images/flags/764.svg"},{"block_hashes":["T78ByH6nFv3W9HcII8uwfQhQlNlwcUDdeBwTJycCE+I="],"block_size":4096,"path":"images/flags/768.svg"},{"block_hashes":["9HNQbU60Mhg8fY9dz/hWg3BUc0LWJFplx079ObktmjM="],"block_size":4096,"path":"images/flags/772.svg"},{"block_hashes":["Q+oMh9xg3tqN4b6hx5ZzpQC84KVTW2BpwhzsON/d9aI="],"block_size":4096,"path":"images/flags/776.svg"},{"block_hashes":["CRtxvXEwobZnETvpdFXSR+O1u3U1gcGmVCqDRCp2YXU="],"block_size":4096,"path":"images/flags/780.svg"},{"block_hashes":["zpQpmes4DrtGUQaTDkO54G3Es4p9WTe8WiC43vIDUrk="],"block_size":4096,"path":"images/flags/784.svg"},{"block_hashes":["jhQvRCIUc+wshawAgBEOHvnkobBa+ptb+jAA4NfBbYQ="],"block_size":4096,"path":"images/flags/788.svg"},{"block_hashes":["4NyKF7goKyt3Lg2FWPsZq91jiYz+TnRdfSb6EaIek5k="],"block_size":4096,"path":"images/flags/792.svg"},{"block_hashes":["0yAzyWcqIm7oP9vttSV0LfLQyNr5TsTwD+WHVHXILm8="],"block_size":4096,"path":"images/flags/795.svg"},{"block_hashes":["TBtKJARJls6XYj6+0Lv1R8KRbeJG28+Lcz6KoX111l4="],"block_size":4096,"path":"images/flags/796.svg"},{"block_hashes":["kQxH5wbWfnTkECKxrTPr4F6QzSNqdOMxGkjNBVlEW/E="],"block_size":4096,"path":"images/flags/798.svg"},{"block_hashes":["Bn81RclXHwfectV1/m/t0dyx6+HY9aLmN/zPLPb1ZKw="],"block_size":4096,"path":"images/flags/8.svg"},{"block_hashes":["s4Yi3ekT1w4lDXaMtXaw24cyiIixjEe1fXSoEwyCrXo="],"block_size":4096,"path":"images/flags/800.svg"},{"block_hashes":["rMKsqdnJr99y0grDQxeXbuVnSvqar5Hs0C2tpOkhtBI="],"block_size":4096,"path":"images/flags/804.svg"},{"block_hashes":["a/2/sfg6hucavC0G/5RgK7SdQ921UXIma1Js2tj2GTU="],"block_size":4096,"path":"images/flags/807.svg"},{"block_hashes":["wXyeYUhSz64IHTo1wCA4CMfAFj6nJ2t4qtqApmiCTFA="],"block_size":4096,"path":"images/flags/818.svg"},{"block_hashes":["dzcw/ezPkgH9tDkZPLnlNSSShwN27EeLUUmP7+Rfumw="],"block_size":4096,"path":"images/flags/826.svg"},{"block_hashes":["PhcunkUD1Fwq/p9mHy0VPjzaEpEPqKKxl9FVV8vlp7Y="],"block_size":4096,"path":"images/flags/831.svg"},{"block_hashes":["vgZ1+xJ+AzF3/P5zb8LzAu+nbQHLDdWvv6gZRQBk8eQ="],"block_size":4096,"path":"images/flags/832.svg"},{"block_hashes":["H/11aSwRAzcvyzzcpCc8zaO9Fi8vAoGXsYcIEGayr+A="],"block_size":4096,"path":"images/flags/833.svg"},{"block_hashes":["D2Bf3mfBGctpt1PsHUaZgudKha5F8CyqQprkLzDggAA="],"block_size":4096,"path":"images/flags/834.svg"},{"block_hashes":["X4xhM0RFPIkq1uliIkAnVLEHyrR9+DmLy5TEV+A60T0="],"block_size":4096,"path":"images/flags/84.svg"},{"block_hashes":["q5Wh6TANRfGGfzpnwUg+ZA+iIU9OTGaElsPxoNmlwWo="],"block_size":4096,"path":"images/flags/840.svg"},{"block_hashes":["dZNRuyTaMcfaX/4IPbC/9ARC0RL+iVQkFSqh5S6pWss="],"block_size":4096,"path":"images/flags/850.svg"},{"block_hashes":["0nUGOT2g0JnI4JxrlxNKVY/GxPxoKf52E7fAeqgaWk4="],"block_size":4096,"path":"images/flags/854.svg"},{"block_hashes":["CZ/jyLqYONLPoQoMmZddf4dN+ZP7MCwKxCeNhUaNUso="],"block_size":4096,"path":"images/flags/858.svg"},{"block_hashes":["VepRR75Qjg1ESK3HySU86o1+AYwMM6kEroXPSmtJX0Q=","ABtu1c4XlwghHUw47pd8V0z2OsXPr7lGSK3sKMe1fpc="],"block_size":4096,"path":"images/flags/86.svg"},{"block_hashes":["M17VKmKCF0nCpzSXkMGsoLifEeBipyiSA1eO6jStbqw="],"block_size":4096,"path":"images/flags/860.svg"},{"block_hashes":["nCoS8dwahIqVZxKa/16cRZIi3GQ4PunCiI4Ser3KMmM="],"block_size":4096,"path":"images/flags/862.svg"},{"block_hashes":["4jKvuesy2TPDaYYR6hEs1F688mNZwPWcZ970ZUDaWmI="],"block_size":4096,"path":"images/flags/882.svg"},{"block_hashes":["SeotkpGtFBG6ETMM/UiG8S6AvLwooOgTHimd86u00Ck="],"block_size":4096,"path":"images/flags/887.svg"},{"block_hashes":["eHYDMJVHbWmAPBF+rHm3ebE+bF35sWKmz4A19qGKaVs="],"block_size":4096,"path":"images/flags/894.svg"},{"block_hashes":["7vZS7cyk7QtdhMiGuGlfqX0aqgWLG8IvS/Lxm2tByTU="],"block_size":4096,"path":"images/flags/90.svg"},{"block_hashes":["V94WA0B6JRGEpyrTzAOy1sGKu/fYcHiQbrLvBxU8C0E="],"block_size":4096,"path":"images/flags/900.svg"},{"block_hashes":["evQFFmoFH5jsvxG0jTYvEKKjQ3B+jwDzrmj/6kfcE/g="],"block_size":4096,"path":"images/flags/92.svg"},{"block_hashes":["6kIuaIg0F5sxTU42lZzyYoFiXfNMTZNO69sAkjTfHKk="],"block_size":4096,"path":"images/flags/96.svg"},{"block_hashes":["qGPiYMEeSSDp/Dj7o7ps02eQnWNRlmYA/JZiCS7kvp0="],"block_size":4096,"path":"images/icon/sw-addon-icon-000.png"},{"block_hashes":["jRct4NDGBLelUcd9xSSCv/fvM8/PInGI53rEsN9muik="],"block_size":4096,"path":"images/icon/sw-addon-icon-025.png"},{"block_hashes":["re4SZnl5UsMa4XwNaNKL186EK7a7SXWINk3RBvGJx2I="],"block_size":4096,"path":"images/icon/sw-addon-icon-050.png"},{"block_hashes":["RKzH+Q66WvBK9AvaPfNNsCC+BAVamOyn+ZLYGJZMBUA="],"block_size":4096,"path":"images/icon/sw-addon-icon-075.png"},{"block_hashes":["YtfCzxW1InYXX31yEOG5zXHc9TuwaIBqyLIzHIdFMrM="],"block_size":4096,"path":"images/icon/sw-addon-icon-100.png"},{"block_hashes":["97EDF67I+qI1+pJAABuRtk9tDlfcsVhkSiFnNte+i6c="],"block_size":4096,"path":"images/more-horizontal.svg"},{"block_hashes":["VsD3t+W0IdId2N8TfAsPcYKXwtCquJoH1ubWUPI2Y0g="],"block_size":4096,"path":"images/PagePerVisit.svg"},{"block_hashes":["o5x0k8RQMRkuT5ayF2NQhXWPsvrc/pJLsX26ShEJzeE=","DNpGsOMWjqhqKLAlAathkawjLMt4Gadzdn5x8SYGUSs="],"block_size":4096,"path":"images/rate-header-image-success.svg"},{"block_hashes":["xotJ/5f1wGyQYeuyAkfc09gvW4SiGNlBD352NugFtWU=","fmrXDWMFvbF3ifENXUqhJxLrDRDQqSmraTGwJ38PqMA="],"block_size":4096,"path":"images/rate-header-image.svg"},{"block_hashes":["xY1N1D1in5IFdFf8/v5rybADgP21/JbqnSuXbZDRujs=","V6PTaJmQLUvSWZ2tW03B60Jq5t68EdVs7wAP9PwpN/o="],"block_size":4096,"path":"images/share-header-image.svg"},{"block_hashes":["Su/LntilEtfMJicaVd+9pBlzEfQJ/B8icQlEoHoTmh4=","xZ4k7v4oiY7Q35WioAFJAnV4gmPvF0elPUcxspKRMyQ="],"block_size":4096,"path":"images/similarweb-logo.svg"},{"block_hashes":["c7b0cB+SQKdCTSVG956aLannlqEywv0zBTqYma9tU9g=","ThGZq+FZ4v8AGphKQWjxma6XRBqaXTQxtxdrbN+uQIw=","TUhNdEiv2H1EgwoFeoP5F1a/aZFRq5wYakxirwGGm+k="],"block_size":4096,"path":"images/telescope.svg"},{"block_hashes":["2E2Z0gvKt45gr/kflfzdLA4enG33Yk6j7xJWvha4rGM="],"block_size":4096,"path":"images/TimeOnSite.svg"},{"block_hashes":["A8FAKr+T8KyHj4fKR/i/QdmtJknPLfiLo5uWmRY8HKI="],"block_size":4096,"path":"images/twitter-circle-button.svg"},{"block_hashes":["lVsakEfcVlxZ2Bb2hoazMlbkuGJud1uj1yOqjF17vAI=","jjgvJTvjZHtfNdSQg7hv8+RXD5lHwF0+8SK0vyEUKPA=","VSaDKRP2N4vQvtRWKMSiUQec4kS98Le2fTLLjXWZvtc=","IWlDWQ3RinJgubV5ChfJD7Dxdu/YDm0l4Yd/f5Vfxfk=","s9zRLRUDcUdG26eax+2LASHVwu4iUjRUlFfJCNm0gf8=","dxtt/6zOsJfRrVrROyMor4z6IwBpj8LCZ8p2OPCK2yE="],"block_size":4096,"path":"images/user-consent-1.jpg"},{"block_hashes":["s1XyIa5GMIH9FZ6QQejBS7ECRdFw50GdqxV/bcG/S2Q=","4QYrvncVh+hP9LDJFb8gi2uqWZGIoCViPw3QI532cTg=","cyNxkrSmRgFeSt5TL9vVbmnmldCrytbjLPr//lUpm1o=","nl9oai++eT76sC1XpmBnQNd9b+AhXOOE61QHzYdqfRQ=","MwS+H2xzerlw94hYb0hmp/6gjvxs0JlHnhtJarygM/g="],"block_size":4096,"path":"images/user-consent-2.jpg"},{"block_hashes":["jlzSg5aPECP+lHMLOcTxQ073kb4dZq2GxxHBFr2ldtU="],"block_size":4096,"path":"images/Visits.svg"},{"block_hashes":["kKMmcbljjiG6R/4We283acQkTUTASmXRcDDHBdAXEOs="],"block_size":4096,"path":"images/worldwide.svg"},{"block_hashes":["RLy3YiX/lH4q06nhMgQRSE9MbPfZQLmN+8gTYGUwj+I="],"block_size":4096,"path":"options/options.css"},{"block_hashes":["eskuxevUjr4bTt5jbecU/fxb1/jfSy8Kk6xAvWbTjVc="],"block_size":4096,"path":"options/options.html"},{"block_hashes":["g4pEOS73qI6Obnpu+k32fQDT5gERxq7pd3G80nUAAz0=","u0VMVMhq/IB2gNVzDKuH+7m80DSM24dlc+xjt4KmE1w=","H1u//gC9WDRQ6rf5zcgLOrE6V1AMIe6ke9gBIZUajNI=","gULw+aE4YW22O5qW7pJ83+2Tq9DEoZlyrcYFE4I8MaE=","mnt2+Ar4INrRcewFq1dVRqgZ7eCPWLIRcp6u9Swks5k=","yY2/v/nXjOlSFqwwrrtEr0WLoSoy7mAsIMadXdDJoWk="],"block_size":4096,"path":"options/options.js"},{"block_hashes":["EUgU0fZesYhzgP96QGnq+QCestYu7o4tM01pBnyHZG8=","XJuKEUInyZ8NJExwQ33SLz5msipZyzQHy8xdLyBAIvg=","ocsy0WjI0q8zQY6MHO4QTeA9Rw1oAsz9mkk8jnVaM8o=","PRVGYbWM6bPMUyzhMI5+wm/h+XDJwaDJ5NjNbfZ4DgU=","CDkuNXzwlHAm+hsQlrxS/MIxCZsHjI4cT9RS1ATnoDw=","+VHBJeRtn+yjsQ/B3uzOIyw0p1DTpA9hGJLkbdVbyD0=","m6x6z2H8dhqLzL2ihumohM/UwK4LD9sCxxWGaotohI8=","D/+S+21CGhA1gBwiabItY8XbuU2eDleLUnepxom71Qk=","4RvTd6AohBEAAI5o8lt+gQEzbZ33Af3d54/9gM/BAF4=","dAvMfXdqDI76NmIZ3++cCsvVsVb7qbfB7ug7IT8H4RU=","pWd4EO/D+61Zg+lo2sDee19SCk+3Vn2T/STxKVWbZIk="],"block_size":4096,"path":"panel/libs/captcha.js"},{"block_hashes":["fkiw+pLX6/uYEtjldGcZy2DAD3/x7j4kFf2MWSU0Vzg=","t1bMgC9ZptbWM04TJDVq0KTJFyJTgh8yTWzn6B8uQ9E=","8yEUMtrA3jezo6jAaoYH4mLn6S6lkuHHNdIzaGwWKYc=","8/V3LKBTcOwkIxEFroZGsx4wwJjYIVw+/S494Rf36fA=","v/o/ojAADytnKf8sNhTp/lXmfKch2ueMDRgjP9mEtsI=","TYOFNCIKiRCvG89uB65ig5ZIC4aucSQz0Z33SSbWYnQ=","eP72eaiu725oyvuCo9CZG5Q+cRdJSJeSRr8ibsCtiZU=","ovcINHcG7zIJUd0AFFxleluk8pkdczb6Zvc45ATd2Zw=","te1o7hyXWFh1a6IdYvz1Yg94lUfPsB2+9wnk7c+R1iw="],"block_size":4096,"path":"panel/libs/main.min.js"},{"block_hashes":["kzkOW3P9HfU6eFrFIkR+maj+f0galDJAQKl2FlFSAR0="],"block_size":4096,"path":"panel/panel.css"},{"block_hashes":["N/0IpmhF3vU7hkacA+Sa8cDlYsRLuH+jyW+Npz3q1iA="],"block_size":4096,"path":"panel/panel.html"},{"block_hashes":["f87hWr0CJObKkET+EEHPhySS/3298UkuXWn/iq0foLU=","Qxefc8Q0sUI1wSMIHrP+osL0FkMOQ+8bY59wu2W7pAc=","adyji1VBLPaMwjDcN4/LqkioYAgM3CnGEaIkGJ+vxB4=","QAdL5ni2/w4Y6m4roVEBqouJEhJMyMMfBwXwLImK7sQ=","tTuLgklHzRpmSV/T+jxi8S+QnACkw88KsPncEFB13O8=","1pUIzozUSRUyLq57KD95QQEt6K22byOlqmSc743frOs=","xIT1z/oF+MkoNfnumnC6brBv0I4MGl5gTCW3K0cxHCk=","ZSQMyABmCLCy4eGn+my8u+GOkFGeGUJ3j3YhkjfdkfA=","mPkc8K7BnOkj/puPSVmgf/013xnnkEmp9IoXCpLY8tU=","jkpOY3gvT/jPkBFaoh+FyeT48PmwCtlQPPO6DVd6BtA=","Swnva5nAcH8XepcfAE0wINUIU4KnWzLT8SWULGkoPo0=","iHF8/Lu5oEMcR6BBcofocFEyx11IDd7iq1sAATREhBY=","X3fR05yv1QZiF1BJwCD2gzd/vKCe4f+4Zh4SA/hmlQk=","y/lO9dG7CP6rzX4bYZzrhR38cqbLKIAZcAagoMp/3yA=","pGeXcTuh0AHsy2zDe0U2mS3NAEk5p2sCFotOVZn6rys=","gstvyjAmTB1Kh/bmIHh4Xu0lkamfzeTmw1JrRbYWyQI=","HlPTVQ29OtIU4qGinfYm8Fhut0Hrh2xgtZ0pIg7gUbk=","UjO5IW0FFHQOEpbB6wkhV2Y5AvWcbdZ4L+EAL8cIeOU=","0qF7O6djLaxxIsAABJAyEkAjqrSaP1f+m9WfYzt6l9A=","Nz6aZtGJFHhe2tfbFD62/bjdGhpwm1DS6EvWESqDyrc=","+imjd5y6mOAfdcTzUUy3MmUJEvcF8Egiq3+d5fEYBEc=","mh7suwf5LimpBLb92z7iOIQc/9JgAepNye4IzFe+nHI=","+cMoFv+rLrdRSfx2ildYK0qZb1ohPdFbPn5LgpWC26c=","a3nfkMJF644Pt9lO5VJC2xaK4qKXwrIMtYKJLJtpLbo=","xd76sWTUuw9G0YdAvFelyf+z+xQTsQ6FAaqYtHONet0=","cG1oGXIt5uPgCHmBK9GWAAEqYfU0T4YUmvccNY4zuic=","Be2d9CGpXDQIdhW6+drL8VAelxBlWs9xChMkvMSBT60=","ciTbzBBHTmrsK/Ca2TX5suMRgnhOFMzYHUgIeYwhywk=","N5HbeF6XTLmQ+melQwSGsI0SSlbNm7c+HOUKiIyMoOg=","Rey0vQJcI9kho6PBBNAsI5x4fCUdLcUPqvGcxfYrMYo=","3+GmmBiYVQnaJfI8TEdZMsYWDXMGAgseTGX3ikOcXt0=","rS9+a7inDdTHauTjZcYwwaxoRYhqdLaoX+RQBrQFsSU=","Qt0D/UQ3V+8PrOyhSSnQaabse6Q1RA81x/SxFrkl5JE=","dB2hi1JG2SB0M4a6b3DcghZLLXWkIw73y3oJzvg/RJw=","zQLfU1qNiGAE6Ox5v0HYHVhTXp2K5AKwe6bBIjzUlG0=","7AniY30MEuyw306GB6vBfYCdhbMpdYOC1S0VjeKVnI0=","Zms43577HCICokhCNQ9Q2FVR/h8j7DkzXERiGXvt/5k=","Wt/f4eLwyfBBE7WLR7/aCyNw+f1jnnDN6CIQ9O00kzA=","lNTjYJbuVUm1TgiEu9HOBiqzbeNQUfcttA5AzOUgChE=","TVU8nLtv7k0iISFiDHC5BMGk7A65sSwUwM7ytOccYB8=","N5L/f1zNUn4AV2tgFBh/UmK+z9kERlXyWJeNDFFQCyY=","pN9zfWi2JGJ1qNIpA7A8jRbxT0mo9nxx1VUwigXILxI=","cyHR3opglxPyGE/6cBh0/Qdt0QkYjRYDotYyxUOiZv4=","cbnh/hdxMHfZrglKthrVeZc8vl5fczvPqPlGfvvxuiw=","KRFyT9VDPnYUE3Z7uH8EW02Q6RAbmNESB74tMnRA00c=","rh9AO4+DweG0mNIyty9PKQUV7/rQxMa2FwMws2U/uyY=","52r+GR9F0/cfCHWFXA1AWkdKZCot+mSWSXrhJzTUnJs=","zYkXn+2IK4wxVUt+3uwqu6k+mbxrCNW1znWfRnfH1k0=","6anEiy7LW+E14N5nL3NiIfOPfnR3Ii1hqQOAhtK8uqw=","L86Mcg11wdgv0+AH7RrXLrFFQpRSTzRdZ23IWin9sdM=","15YnpbZidZwqUzgyq92uU103BqwTDN+Yrg6VhFZ34EA=","xlulaOWpayuxNvhp/2L1m/M+su1e7temdfaXm09pYbI=","uXbXNG8cADkiRsKirD/WLo7QZIsOIGPpgfpYqKcI9tY=","GA0tMXYe5w8S2Yzu6akUh8TkWGCWO4924SSMBrL40TY=","9Bhu3TygGyBDKonAVueGk9eT7kpxkTGLMqLQhaXSXag=","nRUqIhmz5DsLe85gbw4xpZ2Hmykk3fDd/VsEdQTd1X4=","0dDScwnCas+eqBx3TbtB+qokHIxrHhAKFL/qyyOk808=","EGhAUACnV3QXvi88nPQ4pL8B/NcyaucMcNO2Zkl/k7c=","k6Z56L233MpFzfrZU2ZdatmWVtjfBY1oB1A6fNnzGQ4=","mm9pxbFauepDWERN07SSbhEn5FKNbweo+tn1tkWub1Y=","IjUrGBuVReiaIImUO/E/UEN+msew8j6t+x3AP+dbklE=","5WdH7brMyaxNLQjkdk4N4piV/Y2yNKVFXeOVmIbXLvc=","Dd6UhRyzKA/fQIWLNBIRkD6qPdLVh2n3/Y86nq5EL/k=","5Ckg5tTPI7vAir6VxQIUpGfbUShnIimS6d1lnvtH4Cs=","VcQJ8uNLRRv99Z0N8PHHhip0PfjI1qsivQpfSaiMNtE=","aGX58rU3SrZK+HlUjCGDjkIMOI3hn9XTEhhybS2u9pM=","PUPFfJaV5xHatqUWZk3vj+8T/9SnSOdqI0EwiW2vNHs=","QxBsLpcmDTooKDXF+ybeVycGIjfL9CzkXXxU96u5TPo=","S1qjBEyBL5eNr7DJJn3a+kFQJ66t7hf2bgMAjYCYXoA=","87Qw69vFvN51yqLFU2n2tUr764zilNWo4ahXcpJO2l0=","laDir27ZANguDnEII/mVu/ZOuKFGdTHFvFbVRRtgrPY=","vhLW16djygfTzYlh6+btYW94bV/sU63tojk7QYG20G8=","WUZis+BUD0ZEgrfMkwf8iPJE+g+82fvb+FgsU2IHBEI=","HlYTf1gfM9LnLbFMSCA39BTYyCJvCeJsMCvr9BkvHHk=","TWGvXHiHSAIgn9GKvWoSKSa5igcsFO9i94PMRn3Rdq0=","oFA2oBgO8rxJkj6iEkCkZSSuIUTkw2knWsQlw+vO7bE=","dsqnx17yas0XmxeJW4XhmTSBH5QpJLzGARFcwZmhAM0=","I/tgW/AQ0HPPPA9fvAZkNfjD3/5GEirUijY1+LoGHmw=","CEb6irROQAl/brBWqwTbs+fuBAkApNoWY+noBolFzlU=","FDJLHWhF+H6dzQVFvGxEJzxkK2QYw13JUdeN4yMfTaU=","IS9DUUymK+Ik7CNxhR48qqPnK/EXQKxyoktt9wElvyk=","1pjBGD1+1hCP/mmn65AjPCk8OPTSkjthQ/4TpsZnT38=","aBhWnQtEzi/FcKV/ydHD7+u3UPMnObhxaCHujLH1bDw=","oNx0cWZLp7FUvhN6OiMz91KsOszTFnLMMQP8EsSfgFk=","dMySaajbpocPdRJCyrO5jlxeknYLF5s3rDksSTU5lt8=","Di+An+HgPgXRu0xTjVqql444sX01RJ+GeRBAHFjT6Ps=","Do7UxCYtP0Se5UO8l57CEA/xJ8i3zwxY4wKLXvcYXwU=","l1Rm7bTuMsHU2+N8q0byuWTgN50reQGeOCWJvirDb7U=","RygLLfA5UyFQNZdZnIwKM55hsCvbw+NMp6z/3MoMtUI=","TsFTQb5XLd+HV9Rzm5tsMiH0BJ2L9Mhn99tdp3gQcMw=","HiOd1TbXGD1wlhH0x1Xsmg8oZHd2cD0NTeEVYL6V8lI=","1Ry3ffaIUokl/cK/N61B7h+4nTViIn97+BK9GPOgX5M=","mpeb2GZKFQcvwEGQ61TVNFjILzY924gBl00WkYM3mhE=","+pRZ/Et7zp27yTuB1n0uojgSMGJzbb3WKaRmIV7gKoo=","VN3/a66LwT0zUXLhVsryTdBzoFoqcVbCMn+6XgKehJ0=","dpWO2CwCACiYmE1Ute94DXBJQeBR42Fx+xxLSLYlJzo=","8wQ/xz8T8dFEQDPtd1jNHWC1d+pvxpcxYqsMlW27fXk=","TWDvPrfFVl5AtPPnO74/jNUHj6YrSyFaqB36K1b5VV4=","mvUqy81RHNHTvxFOJI8iqy0d/VUZPi9RejO17aLbB0A=","M/4X8BzbBAokau0e106hbG0bJElIRSP//eWXxLWHpVI=","WgoZzV4k90UHGQJWuVbiUvobZBhsB3vjFZ6xMhuZ49A=","N7E8rbniKJTX8Ud8HZjJcSfkKHXfk3mBPVjt/yF5L5I=","f9O02qZoi9d+JV7wZZbiRg6B+ckpnCRPIe1FMkfZEHs=","5W6jOEx58bUwyrP7O5SFPZBRQxXp3kjoGNtysMXM9F4=","jBafobJF7gdu7wbbX1WYXjtou6jBQsKTRak+ajR8mII=","a5JH6UBAwbggLMHc+nKOFDBxrJ/hhbOCwkhMnlR6wqE=","Unm7oywcLBwHyryFhUx2UD7dzFY/nlSTiXk2gt+KTK8=","P4V+2xcwpVNJ2/+WHyF2t2glDMIyrg+q/gbaeU4nMHk=","cTK4nzJiAM9g5d4c232CGn3zqwnirejOsL3Asi96VtI=","4aFvVtY5Gjy4q0HAu7dQidzoyblk3BGozTWA7dYOAiY=","im3XEm+PjBp1R8WzcOpKwpx4SVuBzOjmYBSpJNZqGo8=","LJ4KvSOotu4uwZwYuFPB7qOjfEoteVX5RgZbggPQSbA=","PKXKujQ/k7oZcLC7gCOgWcbpq6hJW8V+zQi0Ri5tPL4=","+/WTH3QZKhWkSGpGuY8Yd7hQlFbIoMPJL4DRzWU9Y8E=","U70X/aL8JRURXdNoJPDpDRj+WTxfyyiVVZixlMkPQFI=","fQ0lmfdGuPf2UnQo6zMt+8N6F+MGADU2r03egNicef4=","WJMob/89WJvgs5JmdBi5KX6Y2sxv0xNURawGruLbqOo=","8ijtA79kC13HUxokO/MGrz1K5QASSOjQXCOPCOAJ1ZQ=","ifqi6VnXXUo99GgnDW38eMnH1E/iBrE74k4O9b9pGhs=","NdMVdsRAq5vxTukG9maDrAmcyXzJ8PaqnL7iMcOaq84=","KF0LlgGO0FU0ektRprndNnX+5Z1Fx5truaH9F4fsvlo=","lhSn5E8Yi/P3n/MFLjT1/SEzl/wd9w4cO6ccQP2B784=","KE04IRXGI68s5j3CqlJKKnPYwQ+Os6ky7Whh/HpnD/g=","WOr/ycMdYIkqMk1MGOg7pnpDVTklEUcwUyNeqJ6TaIM=","TtEObBRYrlv82Bh6zUJNzzhxpcqddXcd6dKmvbNzkuc=","thqF5Bngcfg3j6omyY5pYjoYBEPzQK1WunbZ5PR/37g=","StDFfEqoPPOQU+s9KVzVFoXFx9w4/qeE1R6VX5/R7tM=","j0U7xQBX+u0CbHPRK6q9d423XPXGnQPMem6/O+BQvZQ=","dvP4scogzv0AaWA4yvKFuDAh9EjWsYBqMBhGrV85Ofk=","bLJzRlDHdwawHUuRsppgCWxNKoK4ArkcRSB5Zqb6A14=","s9UdRmid/FwMXSydylwBCzJQbAwhQbHA8zBfguT6C80=","d331Ml7RktMSUqa3zjCVX8DQ2EyCSDU9Twx1onoXMUY=","IIs2KMCspw138QhjMa/aJ4RtPn8USwehk5y+z3Vz9Zc=","UQT32p3XKRyfZkcMZLRd/pPCgu7I2KzKwQqfPVvL1Mw=","/GqOeSoFumbinNOQc482IAeMCl6BVVlzXFdU+JcJ+TM=","n75E1TnFKiG6oJE/mZa56dszEJKJWTF7YZkGXPJh9uQ=","Y7FULL1lgOKLwrDktebDU/i7/CLHHX7DZgJlomchCDk=","9yR+KsUqLrPRMBhoRy9LPAgCOPBKP9AMnIjQkvPyKeI=","wQPnGPiP07FpQF0TlPVhuDIaFzpYHff4AMI5g077cv0=","2rVjKCMq6VqugtFyL8Rn7zWxuTL+6ramV2s1Pk3Y8Ug=","CojT0NjPhM3a3dwC1Ake5GafzzPbbTAedsswU8hb43Q=","Aok+ukniWQv76JqouoWD8X4LYMbjeMeIZZuScTGRCIU=","0umovrGuRzOqMMWfPCcze/S2o4T04rjkFXRePn/HkZ4=","/VkO8DxjFZnhWOBjRFHQ2kGZhv/p7Z4OCFmPn1JytZI=","mZdXKrGaK8AVlmyDOY7d8iBIE2ml0Zfh24cEJQhNO98=","HY6gg1u7sOP0lWgGJhP3XVHzmfaZ1r7DTQiF7FFfvAg=","9Z2G4Y07E8R1W+s2d7i4fYghsnZjIbxiHwFjmTthrcg=","3m+r98CH39fm/5JwDO/7FWMVGs4u0LOXW/Ni3qXYTmY=","a6OcUDj/QfYNh7+EbYm4B5tHcmq7oV7oy/zchXJy90c=","92l4Fs5e3E3uvAPj2JHgQFS6unw5+f5eEytr2T0uI0M=","oQV7r4BjtzIqgDjyWIkvbICfp01sHtsPqF7CKIY0PQw=","atA9Cx2HqP4BPF4Plpt58KhXmnSE5Vss7W0YDG/mq10=","xw5Dd659NoxZhTw8I/QhriKFvbWa4eQdsO7TtUh5lrk=","kiH3MxrlZi/X5KsUFjvlbjLmeVH/PvPqkJK9kdyQ0dc=","TzB7Ln660lbX4vEuPnsRWTHW2ccas3qaD0W+MqvGP7s=","KfKk4VjJnTpWfk393I0qv1JY4wp21pdoP8mRFcJxNPs=","kDXD0EaDWoc62uW1AgUj9ZmhgdKCn2rmjx4Pe80Zd5E=","QuMvhu8klQe31Es4VGrifsIVZ3kmXbqMBC2v4xBvD8s=","iiqeYFii5nTcxdjh6UfS3lfTTxLye07HOTMYv0trWV4=","+q2rCFL+gVkq+oIwGBpfNUWm4ohgUYq//godEHfUPw4=","e1zs3jREErHX5h6K0svRLUGFL92JZgsx04xTNuORyFo=","4l/Y3+s/NZtkgcPhplBfKnLnnGEyGZRwfy1mnVDd2HA=","9dYkIl7G8/0ap1xaa7JuZJl9QVFDJooMXyPrzpwlPY4=","Vo3hVkmesTw9GhoZjIZRHsXrBju1sZdcFw9xuePaarU=","pQuzNp6kzgpN/R6peHygeS8BJiGcDKhE3Dis73pkgJQ=","eZWtnaveTCcHlkEtrJKwHPcqfxkMEoMtkHANjiZZlPI=","GHOXBQc972LnQfc9S6VVp9f2zgWc34v0COrUMUumD4c=","6FfYkgb09HvB06tK9ylifY/kPc1NTKsAhpIxQkrgkpU=","kjtlv5qMSAypsRWit9rJUp0XYu2O9b+ZrFW2t7NdoaQ=","9T3servkmJg8KldtFUl6twshsI67uTEXXvzPQ76TbYQ=","7GNUXDn6T6CoYZIGjqI0KDwZ+BlUmyV1G6n65x3T910=","q6yS0stmYa3Ev96m5Y2AJDkWZ+UsdzqhJpPuT+xDnDA=","iO0mgsNHc1dnIXaoIB8liBXlL1HaAJnhqEyTfcrx4Cc=","/A4cdx8RxQobZQOyoqeXILXOXjKkpHFzuo4YFhiOE3c=","KW2LXI7v6/Pld6nOMJtWf1XgKZSOSGwJHF55p7wuQg4=","On1uAuJa3vm3vJD9k/s1BEqe4Kxa2dYdV+jt+eWkaz8=","tL6ksbr3U98/QUaMDHX9yUmESiJP7DO0VaYzZA0Pi/M=","AjjRyzWkdoPMemGzb8KDlCL+NlbVW6BeNCF0r/kAts0=","S22QFo5KZ3ZEUPKBiXq13zy8h3+biLNmMhkO9dWII6k=","ZoYMqJch+tcL3v3oTEr+hy00PTjH1gI+LAH4n0zowvs=","+we9swWDP0Tysf40xj6CGFqTanmcdUbT3+PDlAH+4E8=","bHHfwYH8o8sHJXrbIi8Zi9swc2whtY062xaeS1riyO0=","IetzYwwFpg6lQrNmw0Bo5xgy+HA4PTMAhzkkr2wPN5A=","LAPpIFM+yvTrlMt/+Am4kvTtmhqglf92838OgQUGPJ8=","Bj29kE/GUoG+S7HCOY2gpvHkhrHsB3PImraAmrCTqeE=","08QFfGB03RBTZWWFHLV3K0gI1Lz7dNNPednYTXkpyGw=","YVhVpM7HSvL5UfB3z09fuvs8pgxZzNpsqv1Y9FDd1mw=","umO5iatySiqn9OLzlLVBVMpsBFMvVoCFf1kapEq8yVs=","+BA7+Vzm7k46B+mznH8JXgvd6PMXK1Ufd4VrnRNBF10=","S4zah+5FxowBxYkqhjtlHz6PntBL/Cd4Hgq9lCNoV54=","qTTQ+BG4JmwqU9uc8TG7Sw8G5CJ4RMaJCE5Um+YBwHw=","Cz73h1D08RGe0GDC2uCzXhUb4NEhz16Rva7S0MurcIg=","oAggRg9jJPktroBGaNPc5NeUWGkcaNGXNUY8vdLKGZc=","+4rklI9FA8I3LuAccb1DBGw/RXbDNVIrgX2IyUWUkPk=","wbIRnO/AOR/a7Ka0VPnwyPK7ml9Eh0u34rcIDSfMzro=","/zbetRIFeW3l6nCCOQhdjYzj6bmo9rE/Qc1cXz3g3Xs=","owEob3wPs20LzU+wkNT11CPu/pOxO4+RFzc881u77Rw=","Af30Rlez/PhHjjTVt+KNEDtPP0sewNhIr/Po3ULR+RY=","IvFx/8APeHV73ycap5Oa2xcG+b6qmA/dxI3+jP9JdiI=","MKYKzNK9UHGve17eQBon90ohFfj5mgYMJ9I3QzpWXxQ=","RJhfS4CwcF0vFF5w/IsuBD2gYoVeTxGP4v+pPv+BEC4=","5RdRz5/cbJc5qS+gPLPdY0HSUZvowgG2cZy9pGaDNPE=","8EB4m8v0Hm8arAXl8vTcyaCi+WnWwM1ZCAT/dUbNqoA=","w4NX6MLIZ59is+5C8UHfBlSgr0FwwPs4JovDU97C78E=","WSt/hKMVAyTMm/QjZDQ9jJmp8xRF33s5zHf8kiYXV1k=","0sPIIVi4uyHzzXncIb66q3p2yAsPvPHA9E9yfSJyE2U=","mEnYhoyd6zpWc/RrXMhe9ldTCSrQ2dU6w+qsy0K1vAE=","5oA7E9be4kwC3abQpQAEFLhVVF+ve8AzpTuJTi79iAk=","dxdOY2qRHO5D/Ebsk9vtPUk/RvkaTC7EakpKqhS2sY8=","+8dKM0H28exMh87nA1v+qvC34hVCXPk89NTo5/a8ucM=","OrJoFibjxF5lg86AcMmsNX5r5V7sgVXyO2LbzC/ZfTA=","AFY3m19XP62du/96jQh+2k2M024MZyT/E1gMLvHtXtw=","tzlmLyI4HXG8O1qy+EP459ePHKwPAIM569u/gYovDjg=","vpLl9TKYyeeS0xgn4Di4PFm251a4A5ejA57v4M4pM9g=","AbUdyOi36X2DMzdo9eB7g1dBPfnY8Os9ADmhK66fjL8=","5MVwJqZLCEB5BTF06RL+sXr8n6kkUCXXbayxuuknC+g=","zeZYoSxTqVf/QWecIJ8Om+qixqzj4kvIRbx2AYDqPqo=","ue/ZxVl7UPkxrFlSSJx888Ol07GSCiAD1OHco3t1XwU=","30l6twjxubPuiA1y4jtkRUhuJUWpRyA2hVj1gZg3KzA=","3HOoMImymwpZjnJXYKJN2z/bsKhmf9WTKV8+aogDIu8=","dHn5W8wpoBfNJMDI8EYFQRPfXSyydLOp6xif6NegCus=","VYaHdp8oPOyVfpvHfGolvhWW+lJchcPxN4SyE55qkJ8=","fjgiuY82eG+7sYtQxR+yS35P6+J16ELLzzQ/tnvo0jU=","RnnIRg6OtTgsrprr64GTRPDfK2hT9ZdWaSW9QDt3sOs=","wWncpyudCQEACBXFAsCZOtgnBMZhTOzjWJB4erTvhkY=","vmnrt0aNqHgVAcoO6h52Pbpk6jfaAeOuDG1lGlRoDzU=","5Dva0Plenm0hlhFQ+RNwY/zjDzYMcdmi6mDOBk7xcNc=","1Mm+VOCKVA0R6ClLxAfjoW3JdUhgSmt17tioIu5jRug=","uLk/14tRfQR6HyXXmIi/nkGBDQhthd6NIf32K7TjqeQ=","Lk3+SivUqvGmxd2bjtuvJ5ochRMF1QqW+IpohAjQG1E=","GfNhag96VdD+q1enysFunLp4TY2SdUq1L+2FXYHI08Q=","245CEg38Do+3FOZ1ZulkMDUAUZTziDzTcBmoN0N48Tc=","Iu8MLek+3+8Noo5xPNYwM4I7K7hONkOmU7Qq/xl5Y+c=","sLp/OQ3CqAlCw9Bi6XEYGR1SKCqYKoAPFGE0TY/xLQk=","JVTE9XEP5cWfiRKrrnDOKNb+uLD++vxo4zlaVA4Bh48=","tIKL2OAk6P2vy1UZuca7VRhd7mZt0ratRLjA52y1hiE=","oFHe4ZGkh7lZ0+FijcOvmC8U5aS3PxbDgnz7bc0WZYE=","8vlFgusLMfazsEvAvQ/7dKOPJO3YPDjRL8nF2sRKgAg=","Mbv7tAvZ7t9c3DcZL/wpIQkEtb/wNC6YOxu0kEdJY+Y=","+P+og+nX/Ee1XsuglrZvmfPg8+SajIl3q+4rv+W75/Y=","qca0wsRoyapGPRq6+PFRPXls8tn8IoGUz3r8Y9S3QQ8=","gmYD1wlPVeCOO9FEoXfrzsnwExwjIRMbzpcT+6wu6iI=","89rTKCg5wo0EedTrxB8nnruqnSS9gzEOdqrO5QzBRv4=","k9TfEMMS49QNztoTu2Ev1sZlH+ZTm2AbvusgIv8yCtE=","nAZ6v2+XRW3oiwJ4rtp4rnDu7du5Rvc/DGdbYj6t4VQ=","GfIvueGoaz2DudHCul/A1tdhQ91xX7UUn0q+P8tc0VI=","V1vReIpRbJhltkL2v7K8BCaONPlQwl/RNh36ADqPAVI=","lr/m5VmNuppfK/YdskEKODbsFiu7+Xfuzd7wdzcIoDk=","pIQoECjEMjrgRjwKS3b/wV1oj0AUPCShqA9Uz3217BY=","4DITOhFS6JlnA5Zd5Rrj7wQwHZxu7TG3PrCZZb0SqNU=","46CTjjt5Mbd8pdQTWExFhNQAK7b/bzz4B34bLIc8acE=","iGxUPF2MFAkA076q6p95K2lDdMSwbMEEaLm3iQL0Mu0=","b/oKYsqmIqJ9JX5EdWt/3WcU5cGs9tjfWnSj8/1NE2U=","38GS6DY28MyRrld7P/Z6JK+v0AVMj66JonSiDYL83jE=","GfrVIF8/obYCQ5DIB/OLPyx5VrU9tye1qDka4zHRQe0=","TNPX/cTWocwc6DFxLoTZ9TXnR8dH8eong+AtfkHiApQ=","fG8GGrhsekRd9Du2sXLrhOxE+31PWDp9b8+NBAXbA14=","4Sr341G6ifuQjOuJtUTNJwpxMyuxvrFNgtuwlwwK6ys=","Fjzh53uRQavOurUecefjXVK6JY7zwgbTw9maVuMkEvw=","ySZrGbFHNwpxv5unbRYai/HxWmuOFPBn7sctwssaU3s=","HCLgeW+dtmkM/tq49uB1x6crxvTkjwQYPjMsdRD3tv4=","Z6mM+7T8XOn5DGOPBK1020KsL4eFAU8SSh6jpAE9DPk=","kX0r82+uJA+oQysCEz2S9HxGubVOJEdkMWFpvj4sMRQ=","c+gx6dRk5qTk/+nTJskoewRtTYHcssseu0y7kBcASgQ=","IGljybUTMSTwq9/kqJzjvVg+uPjZnjZ3dm3gFyX2Y30=","WMcnryjT6rPB9GQPziu9K8RrXmTx7wvEtueH7bJ05f8=","4FKIR0hAz1F2MavcE37xWpI+sGKAyc+ncCENQ0GZQf4=","sVo6vc22HTJB8+DAwoHC0XPW0aqc2MbPsH6HJTxZY+Q=","S+wH5O86SLm/lygEa0o6XGXso8z/Aaq177uSeDS2q0A=","3KfXiyl34nUvNUt82eLNt0Kv41mZDvRuGhOGO5iCqwE=","Fp5WCF4+WBmuK7BxhWkltvk4TkIs4/RhzMtU/7XzAfc=","jwQjGE0miRDvUz0YgMfjN5QvjDQlL4DedRiMtkcf01w=","wFXzQ0UwDl4eRSDOQk8arGaC0Fj6W54MoYeNlxD0mBc=","F0scrtga4pvG0/as48zei+ImNipiiu2GpsF+bsE1nBc=","vpxadv1FZRhW/26l5Ur/lsrgyehiYIAt3oQJkU5YobA="],"block_size":4096,"path":"panel/panel.js"},{"block_hashes":["RBSlnwJB+FUn8EOrLurByW0TorMdzJAYOTKz4MfCf80="],"block_size":4096,"path":"popup/popup.css"},{"block_hashes":["8jahRHOEuNift3t2zd+7xOjNNyjR8JKFY+bCrm7PjV8="],"block_size":4096,"path":"popup/popup.html"},{"block_hashes":["3aAIkRkiuyK9wAqPgsTxe6a6b63vN2pqSEKgbRdJ4kI=","C6HCo9r+e/TzkAJ6D7OrSPQSVEofok2AvS+ghe4+xBM=","FdffP6Dz+nf0Irq0C++HzeHp18EV6vOmLfW2zZN16vY=","0MEC8KThLz6oP/Oa/r/kMIxomxCspS1QIMQ7sWa4Lek=","OzpC2LuOqQYPKKNifsyMh7fzOu5W6fCPDKyRumzrjaE=","VxMfYa3UCkeeyPNdyqaf7JIun2aZo8hjpQc2kbg7RM0=","YEqizTem6pMvxNcRfm1ROIqe2k/KcDX1ybAMerGmalc=","q2BXA+k0XgdAEz/gmgiVUcINuPrS/Mu1xEQyOSXe5vs=","RmuJvW2h9FmA4UEHt7El8y063IiY+4WMUaDWv7BgbrY=","jnKss/SV5AqyGnuDC4Cmc6eGDV6RHaJBTWUovQP550U=","0CAf/+4IbAuya/5co5Inhuee1k9DBcVl+K5AK+iELD8=","yHt9P/H/ekTHqSaRqRvB2yuStsiRzlWirc50y/ObJJA=","Iv2JcwCh32nDa1svdAt+A3b9Tw76u+T7p89W/Co066E=","Mqn57CBHlhpLLtn6h4SByWJiGDlWcrQaNxGeX0aMpZ0=","34bP0TYKYiB4EwjUyzLaLHqDV/qVed7hJSq82TBwWQ4=","7VD4ZR551OiZ5EKJlDFP4ana4lD1F1ZQf15I/Q6/woc=","XsH79Hga6MXZcKIO8HLbf837TvRT+HOHgPqILnjAckI=","seOFbiaqj0pARHJ8LFo/spUt7RBLJ8ooFKTd5SV7+SU=","PtIbnWu2GLn6sqYOWuz3i2xvYyWK4txmahv4dt2+oVY=","E4hTxMyDG+SdlgRHT9ZTIoKTKKcMlSfJ3hRHwhsdWQQ=","gpXypjrjHY9YlS4PB1Nyj7/ELqRRLpMvrejDv533hAE=","jyA5NOakS+n/KuvKJho6cBpYiC2T7CsbbOjnCFF+Seg=","Sp/P77YA2mWMnl5wM5vACoVqu4tgo/mXPqKJcr2YYmI=","eaXO0nW4hZmcaE3TJEUIK0NAc+WX+F/Ivk6baY26DMA=","2u/EyTWyiVwUBbhnjySKgjQTEwRLE6f/tYho16pFhhs=","RG1ZRbK3hEtC47sRuKuzDzh0l7n6A1O+NozTphtf0O8=","FqYUwhBQtoqxj7MTiMagKhDv6WQrX/+JciMKdis9fFc=","B0H4qJxbPCUsp2RWS+bohZlQbCCnrI980sIHQjvUGy4=","SIB0F4FUptXKrU/4ESM30XVkMhdUdv+sAuxJzEv2GjA=","ejqJHWqcHN95G6EBsCAwhDdGrLrDESWBejKljYQD0vI=","MMoyco7dG0WydcsmKMv/dxwmVMrfRNRq3hIKXh64/dI=","sFFDJJW9wCNp97d/W3U1lBtHZfm/hf1ezSWD2UqkBDA=","NK+9fv4xcqS733t2P+zayTjzJ6FMI4FvzIFdO739bXI=","TOAxd6H1ZFEHdOQGUUmKVXMNNfWwBX6M8bkNkaKmwfc=","WWG8FZ9EFo+1oxfvZQv7FbQ584NcXnycKz2/2/v5cdw=","aTPzPFzxmJpY/GtgszbnsYqx5XsCggSwNuf8rcS2x8E=","t70hisIz6XXAUhU7T6+DmBt3NXxykWq4IJocqbZAI8M=","l/YeHICPbgcrxEna9EsYiuiibtcJ1smob5zzNjiJG4s=","8+BorDsiSfi1itKkjph/rNAYJy2AFExBXjyTWIljZ3Y=","WTcQeXb/PJhx1k5HTflJsqYoU5OaSgDhP0Ae/gbNuG8=","fd6AHEDqUkMMktE0in1qU2ELlxvoro1lJwVnS31l7Ns=","nln3f77/USaO/f47BD3oatWGJ59dvH32VktzR2FQvgE=","N08E4vMPOJfEtNi7l7fvvinOqbvu55rLnaOpZIn7jR0=","lXm1otMOe4smhnzurx804Umkp0wf8hCmTA91dORbpKo=","ZnIj/5JKOPOVwleJGug+bHyu9mQFLOAbzrSq18TflZw=","hCpOcrWUBj/ytJxv2JT8xXui1vwL8YHpOBjfo1g1xjQ=","lHQby2J0ABdMa4DhYlhehsJ7k6s0hf5uaj4PKFl5RjU="],"block_size":4096,"path":"popup/popup.js"}],"version":2}