{"file_hashes":[{"block_hashes":["3/hVmX8rVROghS8IFB2fOoDf9Twufj0Tf1WwZ9PPBFw="],"block_size":4096,"path":"4.js"},{"block_hashes":["FrQ7poW6o85KDdHhkAijUQMdHRcC5bVBWmIkiX6IFHo="],"block_size":4096,"path":"5.js"},{"block_hashes":["HjSZLQYUhHUwKNdcg6L35TyI6XjrKBvVVVqvW655Wwo=","IP0SM0rrqkvMZY8rjEKt2cI5qOBCDKZTBZP+esLIpBI=","GeLCVajLApwtsESf6L6apdnpo/iysIfENbxOO1bmDx8=","D3tT/JsK1N5LBio/aTdi5aN67oVjK8YT/i+7A11tLak=","2HnFj4yp5+GjZZU7UlGQeSh2GqBvgnf0CfTBcUnFaoI=","B9XMIJiY9g6MA4AqThjMZBK/PpqOFqMVXYTsEibW71c=","hd2xeJ5LKK4EAznsoirjowTNt4hUeajC1kAok3rXMtU=","4Gxe9AdzrvTP7votLdSVPoM1cpBbeL5kNGM5uVliu4U=","x+77ExpLjsbbAE8eHQmQWOa0IlyUrGmeWCq2JtPnx28=","3hQmEGTyzxXKf35IpC8r7rhN8kHT5Zp/4GyCWvMO9Fo=","La1XYazxVAmgu2VcEtfgJW5rbB/v9BcnDB3P0VHiYbs=","X5GQmoIl0yjMigI8GczaWrcGoOzG9BLBDcGrdVswynE=","bA+CwztOXVQwPPsrYDeyZIk5SWjCM5SpuBblKFfcFdE=","XU2UHzKy4Kb6sUXI1LHOPPGVBDhVG4U0EW/ZjiCZ1ok=","l3rrtW7KewVm5gr/pOzSQ10fst2B92TipmufiQRQc20=","X5cxUkKdikb4j4qJZAUTzAbVMnbsnrdBowyMIGyOayE=","Dp76ZcEYUyeYpyaMdNRcEDf+G0LoQzg9e6+Tfa65jLU=","qVMmXNplSYPG1wuL2YLlWFmjFPpCl53PXU4B31CSUqk=","LwgtWx5Sk05tcvzAOUpMJ+3Hlii4bj5jyOZuuH/MI88=","ncjJM0BrOkRK1uHDfwbV1iFvSUxfdkh9kvzfcmrnBoc=","x+fgKZ9r1+2UBeYpcpoiqJRtewVu9mvAZZhufI6LDp0=","WBaFk1pxKNvNBzZWETBNB4tAjFni1sbxEeqgw9Rf6iQ=","wwaGdmpmnKa/M4ybX3SDHda4LVcCYZ2FsYYm7NCWg3U=","55UbE9mGNFRxxBHP4qwm09zVLRUE0hIXQ3VkBy1kXoc=","dYDnSbDEXH8oV+QG+6+dcCyrsYmkELs/SMtTcWt0RoY=","HcRQi2t1GVNHZyJ/ZkN6a1FRW9C3+xQkxMDpbiq5dXY=","b6WL6E6DJeHhpqP9J52tD2kQfdn4UPdFlMVTT12CLuc=","o09+mckp4WMCObdU6aq48xMZLH5VcbYtpGuGPZoutP4=","OvDQuo8j6e7hDK4XcxgGCkMB+5xF7uvf0gR/s3nW0e0=","ov2yfUC7Hy1zqwwF2o+DwYqk7LUk5BZuPtGAfH7axbE=","UYy3fhwxG8D74wSNH92OfWJmk9LDlSPqGoyuZ3+vZrM=","Tun1Tw6uecKw2YEsWzgdOgI2bt5V9d/bjLFE30InXGs=","oz0ZTns0E4+LlODSzLnbx78itERobJa3bsFWaeXvhKI=","cXCYkRv6U/Xq6iRPSODnSTnjy/jp9hn0bETscTnJq/U=","xcdAEiheuObSQttcL8g8Xhd6It2K+6WVGV9KRCFEnuM=","duAvVGNu2TGsLyNYEvPWbU+4X5iAKUrkXnuiFvFImsA=","zzz4nmmCMtqLJ+9Xo3fU05BynReMZxerftMMXJgI1LQ=","W8IhJCLXTnz1SUFpoLGfwPSBdkxKEpOf3+NsM4QCfmk=","4/8kgdQ6DuAidKvTIaXOD/yc6ZLPhovHBnzyWbcuolg=","ET7BoCxXK1SizndLwAVf9Hij7dKWvhdJPVCWFQ0rLPQ=","65a5KFVRVvsWcDopRhXxt3eiQTKz8re24WBDPoRd9nI=","iRrWFbE+wqMIiJNHBKWmIHdyuvm2obKcnQpkqe1H210=","5JLnBWzjlc/pPqI2bXh3STOBFV8pnMDmgEcqPpGC7gA=","UEjx+W/1SyCA8vLPsvCxc3C8emYMPP0YkJUQlnp+qtU=","zadrrK2sNnBZmeGa4CCHkMHgsNeRtaGbei9mEkmCkLE=","rGIRQovg7vJUYIXC/LvD8DBo3ji8OCPUbAhnfRnIi4s=","evjWgG3dLOvQJr0N/uSY/CNXeR8fpErR2DFZIPG4rY8=","JInBz28phyHKHMswDxD0R1GkgghbVrAozEZaAgceY+A=","4iS7ODmEPasadnZfWn1ZgJr/dpewXGbmHZAW5A61vmI=","Z9miMNkAcIoFyb+nNcX0QESPlW0mdqrnkvgTRNAB6DQ=","fPMVnR2YywcyNHcciyTUlhYb+RAEiTbrSu/QJEuXvuE=","rODK0MAjvAIu5zQ+sRgtNA/8YXV8raoi/0mKkwQMpQQ=","6DkSnGl562cL4OCjHpoBqhZgtDqko2Kh+apgb5Yr1Fk=","V+fh14SBxzWuI+SYRhyH1TGKi3njkP4JWfBiXZQ3CWI="],"block_size":4096,"path":"background.js"},{"block_hashes":["VgciVgWTIxEuzQT72alZqfeKEGRmbSfc4X4R0WvoakI=","r+dk45QCKLuIYKELZtLeDSjArBrLFmOOAGCnx2XCwxY=","ZOSzCsitNobaKifIw060mvxTCIIs0ovpMum7i6/PQkM=","ymI6LkqiyznPdCLIpQMSSk7Q46E9rjFR3QyrdTucj/8=","+stJ3St7TfIzko2ypkcb70AFcQda7zbgMwyLyOhYMiQ=","GqTAR3R2Dznl2syu+WUgQ0zQ+KarRQ0X3xIAPLoIpVg=","1gLL9qHWsgQcBbcV5fRC/E9r5735eSrOi0ow6DgWw9I=","wMFtG55rhRQIFlTZG7IcFzhQEmpNWBGxdrF05sdD+cI=","MSxN8QtXeFjT+E4a9YNLQDNbax/9ooclffrTYWgDpdY=","RChfDt9AHYuMq5Z4z1nWW9Pc9S9gP1zonUG0HF9whH8=","1h8GgjNy/klrwyiLtf+NSaa+atGf3NhriiRjYyKV9CE=","kzA8vJjVYotwHhiMOjySbo0mw1bJNjcwfNjfssPiy7I=","coCjj4U6EbKKQ5R0Aosy7aNqJcsYGpkskYPZU+sGNfc=","62bOnWm/vnlhNGsmT7uzadNiQZ99GMlb4tXqaFvB0xc=","6ePULfWjrOffUAO7vlWH9ig4P0VBYdJXoM/Xhu7yrho=","9KC46TNILhDz6+6/wVjsfWYcEMXtO8S3vokGMTyd+3E=","Foj5Zy9ve1PSfOI+d/UVbHt33Mejwc2QuAfWBRBHtC4=","76pIH9RWlwajHVmx+XiWGeQljci8ifdqRxaR8/jKCTw=","GUU2nmp7iTl6jAt4YdCcY1uKbC3POtziMPuav4vcgkM=","9+ZcaZicf9WivKBOfsp43OiPE60qewTPv6hRZYfN6xg=","A5q6YPfyoPF+6zC4Pd1cK5Tjh9XEQfwG4RlJIeN2098=","68L69wAdD1XGbsXS2V6GlA3dXcLnk2YbVvCN4jtOd0I="],"block_size":4096,"path":"content.js"},{"block_hashes":["gPgG6qlmP29+M23oSFBMUV6uttv35B0tTqHuYSiqlKo="],"block_size":4096,"path":"css/chrome.css"},{"block_hashes":["Q+dqhVK/h6tqN5pSHa97f8yBjbahxqZj3PwG2oA9yjU=","zhlSD6zBNzKbiKgwrDtkvDQI9x6XNbfZLZjTMFMRmhA=","nb3TFmbZJbGYjqGR5oRBp7I3OZ8EH9sMU25IM+90d9A="],"block_size":4096,"path":"css/chrome2.css"},{"block_hashes":["0GOnwgA2KFnWaFp8TVuPGPMpErSixuTZqtGvf7FIIBQ=","lO6xzcKTArzRQuXbxiiWaKTEqFGpCGSj8FumBVV+HiI=","LjocPDt0DalKT6a7Nb982OlZWlu3Kt1b19yrnGF2+2w="],"block_size":4096,"path":"css/content.css"},{"block_hashes":["0/bVoJKI62235JtLlKD9Ndzr+i6GlUBBuyS7GPhWAYM=","IpBJ25db0Pm0ShSEiwBtdUraKD4i+a28LMgJXNDNJbk=","cv2fBfq+/VSrbyY6arXKu/BTai4HNCM+M/VAaY+gr6M=","w7XcH92lAjyitw9+yje2iDNqNHVVpll9zoccNz+2ES0=","I2Li8xT09efXQArSnthu6oHf5lCLx0TWWyi0O7Jb/Wc=","mKR9y7+Uhd5BU0q/7Hk5l0fYegd1m6lHrMnhhLglHrY="],"block_size":4096,"path":"css/options.css"},{"block_hashes":["xZRcvVybexFy3LYdW93yYtNhq79vCkddPiI4m1A6PVo=","5ChpcTsTSFq8N/uP8vq7S8lCmmBTnC30H5ZrAjBtqeY=","cUaLoFOO2OA7w+C3DFnbBQfmUR2w9XiMCadQqnhymFc=","Swg4a7uch0i6Vwb+NYWsCyln9Dm0I/ZTIBvwWlTthKk=","0F5Ttkc4HU713mQn9tYujT0W17GYVzVKjfuUCwCrkOs=","/WoV2zk5yMjJY5VYpvmo6qzlrtAANkUr82QJh/p5hFY=","0Z9DH5g08j0y+sWRrYiZUsLAvaaKZAZXN3HZcMtz4T0="],"block_size":4096,"path":"fonts/PixelColeco.otf"},{"block_hashes":["LVbVB5nNtYseDW83x01NZdYhrWWYzdtXz51eMaBOvBE="],"block_size":4096,"path":"html/notifi.html"},{"block_hashes":["HkIAAcNu+KNUVdQ5h1RU/kN+srPfst8m7/99lJNAo6k="],"block_size":4096,"path":"icon.svg"},{"block_hashes":["XkDji9xcw0HONcgitNkU0quKSbdIRx6rj6iJHcdF2Iw=","hVZPHvzeBaoGokHE2ljqy94s/kVTZghohJ8XdkiXFq8=","gh6RH3q7irSj3GZUXoQUycLOUx0wm57UzSll9mAARbU="],"block_size":4096,"path":"icond.png"},{"block_hashes":["N6bocMbvNQqHZXSYhShoQ+/5UtQuZMnSaDeZxEjaJ1U="],"block_size":4096,"path":"image/bug-hover.png"},{"block_hashes":["FYFbGI/4dOuUte5zPh2XfHYRuFsWCZKuRROVx/7Kkaw="],"block_size":4096,"path":"image/bug.png"},{"block_hashes":["DksumsWf9y5R1AcdKr+w01ReN5jL11zzvj5guvqgWmY="],"block_size":4096,"path":"image/close.svg"},{"block_hashes":["aFwXitCS/5M01KTv507C1GHCQEl1luMcxo1+XhiEwUE="],"block_size":4096,"path":"image/cursors/001@1.png"},{"block_hashes":["ndJKI00OMbLCAQ1mJvau0zzkEBdf3OyRCrBQVqNMugs="],"block_size":4096,"path":"image/cursors/001@2.png"},{"block_hashes":["ebLdFkL4Ug2gNDntDc9/0TlUCtiZS5fQ9lCxI4z4sns="],"block_size":4096,"path":"image/cursors/001@3.png"},{"block_hashes":["FqMCH9DtultpRJjmjX4zAlRaKW7aBjAJOcJtlmlsz1Y="],"block_size":4096,"path":"image/cursors/002@1.png"},{"block_hashes":["fa1L+R2g2bLzb6oxcOUSswXMftkYgufP/YP1nQdmXqo="],"block_size":4096,"path":"image/cursors/002@2.png"},{"block_hashes":["ixHnRDr6sOSkRftkzgBS07xepjPUBnRniKU62ed0WCE="],"block_size":4096,"path":"image/cursors/002@3.png"},{"block_hashes":["3bhKR9FN5+o9xzQsC/y79tFY6zaJDJiP9jYDY/YiTNY="],"block_size":4096,"path":"image/cursors/003@1.png"},{"block_hashes":["RZqhzHDGB2fHZsPRB9AG5ETIeL3QNB9G18ZJe7UeErM="],"block_size":4096,"path":"image/cursors/003@2.png"},{"block_hashes":["WnsZkflUjLDx+0wpxc3pAqH04I1CytdM8c09tIEJfZA="],"block_size":4096,"path":"image/cursors/003@3.png"},{"block_hashes":["R4qyRACHomgQ7hcv3030V2CiSQ8N9JL2eCW4qAFQmGw="],"block_size":4096,"path":"image/cursors/004@1.png"},{"block_hashes":["h700Ug55H9MgrOM7s09zf3tiOhUWGlMWhoFYqk4xXfw="],"block_size":4096,"path":"image/cursors/004@2.png"},{"block_hashes":["ckGp1nrVWdIGU5KvG+6Xc9vIElMl8nTDvVXB7zJIhrs="],"block_size":4096,"path":"image/cursors/004@3.png"},{"block_hashes":["Ef9ziLwkCroh74W/gPuH01ympSoZtVT/l1vTJ/bG1bo="],"block_size":4096,"path":"image/cursors/005@1..png"},{"block_hashes":["LuJKqY05mA8zfZKEe1wXpuSmN1Hl02Nec4u5DRmALE4="],"block_size":4096,"path":"image/cursors/005@2.png"},{"block_hashes":["BINNfBujGuaY4EVwr2jxqyPE8Qv1DQ4O8CLJaJpIhoQ="],"block_size":4096,"path":"image/cursors/005@3.png"},{"block_hashes":["rA7yFNugyBsozIJPfMjz0/TETr3W2KDTWaGyeK/r4yY="],"block_size":4096,"path":"image/cursors/006@1.png"},{"block_hashes":["/0aLQlm88aAGgqwRm9+LSHdalao2argvi7uzj9WxCp8="],"block_size":4096,"path":"image/cursors/006@2.png"},{"block_hashes":["QLXhZnFmwQsBzqaRuUvaAYDkgDebQktRnnTpZAnHZBk="],"block_size":4096,"path":"image/cursors/006@3.png"},{"block_hashes":["nYTdUxFp6lyn+MWKGUlxSij6PBkFjKzTX4rRFpWoqiM="],"block_size":4096,"path":"image/cursors/007@1.png"},{"block_hashes":["6QhqXGjkALvyKn2YlaJQ0SL3H0vTbeVvx6cIaRcNygM="],"block_size":4096,"path":"image/cursors/007@2.png"},{"block_hashes":["an/o1shAHUEIuHPI6DgCCw+WT/tZtfZSkp0dc08EOqs="],"block_size":4096,"path":"image/cursors/007@3.png"},{"block_hashes":["LtznO+JkXzrx5rTbojFokhasPGdzg3xXB1vQms64PGY="],"block_size":4096,"path":"image/cursors/008@1.png"},{"block_hashes":["wpFknPBlIFsEFC7G9fpSqnGgDY9DGwZsDdEZb1c+puI="],"block_size":4096,"path":"image/cursors/008@2.png"},{"block_hashes":["OmIYx2xt/cbBd9dusmEbbbb9DSruXzSLsaegvTi0tfM="],"block_size":4096,"path":"image/cursors/008@3.png"},{"block_hashes":["JSsa12d8NWG8U5QCu0Rj33D+0nFXz+rMFHXo5CRt2MM="],"block_size":4096,"path":"image/cursors/009@1.png"},{"block_hashes":["/q/T0xl9HRJ9LCNPCBOUw3mtIABSiVvVzFz9pdb+qfk="],"block_size":4096,"path":"image/cursors/009@2.png"},{"block_hashes":["ha1Ve+btVmfrswRQiwKEshbv2rI8ZCRU6UIj/OkjZzQ="],"block_size":4096,"path":"image/cursors/009@3.png"},{"block_hashes":["RBOeX5wuayi+6z7uE5GnuwUjBLyZ6J5ZJK6Q0yvWzkw="],"block_size":4096,"path":"image/cursors/010@1.png"},{"block_hashes":["7Ruw0cnIo8n/PS7ZSIGuZzgXXxy3tQa69jK9eAoAJxg="],"block_size":4096,"path":"image/cursors/010@2.png"},{"block_hashes":["Oo82IAsgNOH4WLoKrUh0Mmqa+I7LRo+D93qPqeKwnJI="],"block_size":4096,"path":"image/cursors/010@3.png"},{"block_hashes":["ImAnGNpaZlQgfCJDbv4Pka4czSaw3w5Y3ylTU191+aY="],"block_size":4096,"path":"image/cursors/011@1.png"},{"block_hashes":["J0fXdBP6gjgU0V7Bty9Pk0ZnA/4mdJWr5Y1+WZkqeU0="],"block_size":4096,"path":"image/cursors/011@2.png"},{"block_hashes":["oEsn2MdNBdlGzTw+Qo/3HwegxT/P2/LVvyLGyMBgCRU="],"block_size":4096,"path":"image/cursors/011@3.png"},{"block_hashes":["i69bUgfmdArrSKVqVYtAJ+Jh6VBAiLffVLRYyXEfE3c="],"block_size":4096,"path":"image/cursors/012@1.png"},{"block_hashes":["eODTFshjvpRQa4UJWbwUZm5h03WlWgza6Mul7ofl9HI="],"block_size":4096,"path":"image/cursors/012@2.png"},{"block_hashes":["olZZiOYS4mFudL2MYkgwe9pdaTywppmTrlYahAtEKCE="],"block_size":4096,"path":"image/cursors/012@3.png"},{"block_hashes":["qbJBAOhf/7CtdDA0SFFIN5fey9G3l/jg3gau6ZuY/s0="],"block_size":4096,"path":"image/cursors/013@1.png"},{"block_hashes":["J/ZO+NLkiaOvsmJ9pV+TGh0rtS3QqEh5VLfQRLuZsYI="],"block_size":4096,"path":"image/cursors/013@2.png"},{"block_hashes":["qVO2KNNuVFQkvTNgNjFd7TihS7mU/pYsYFKWnsPiww8="],"block_size":4096,"path":"image/cursors/013@3.png"},{"block_hashes":["3w4IfAE1iNn3kmj/6GkNAZRafpLX+cur51euP6OMjC4="],"block_size":4096,"path":"image/cursors/014@1.png"},{"block_hashes":["U3S8f31Jfdvp3eZ/u6LMBjtlnx/8JwWHcnV2IlV/vFQ="],"block_size":4096,"path":"image/cursors/014@2.png"},{"block_hashes":["QamFLCidaAY6TYoZFd45cDRx0aIoiwEU4rCQL1Zhwhk="],"block_size":4096,"path":"image/cursors/014@3.png"},{"block_hashes":["gBw2svS/2uIyEjyxODVG1Y91Ei0YFmKLytNLeHGDiz4="],"block_size":4096,"path":"image/cursors/015@1.png"},{"block_hashes":["qBUydF+oIqpaiVTxh9bynyjig2T3Hxp/5gvA4JOdLn4="],"block_size":4096,"path":"image/cursors/015@2.png"},{"block_hashes":["+jF2IUIlAbWyj6hTc5Uj+rC1HFxa94++TuCP5HvpOwg="],"block_size":4096,"path":"image/cursors/015@3.png"},{"block_hashes":["EMiM9Ne53StT+NFTChCakeqfllYjvcYE5S5adwVdH/Q="],"block_size":4096,"path":"image/d.png"},{"block_hashes":["2MlgdnVjinBQVEVclNmBuVKRyyIum6har3ruDanDEnU="],"block_size":4096,"path":"image/delete.svg"},{"block_hashes":["syUlkRibruoEaQINdTosIQKfGd3gsELAOb36Yxi7UHw=","kmdmWAzrM2oZEiml2mUFNUN9spspjsL/sgfap5vRElA=","H7jearo6au6N3aXsi5GpydPBFxDRqyQKAlTihhPSvCk=","+dp2cCOgkYoeJpufxsgkOdkxNFsnoculPAtNvYSEUjI=","PQwJ4yyU4066ZRR5L76hfkZaCmxF3Lx+S/iO+hTUiNA=","mCin4w0+XYq7pj3JGmuLeyVh+I+WEdMEF+DZ82TP9+Q=","Jotgbxj6FFQ4AQMirjuuXMbWkDLWr+R/3b4BXRgBcWA=","J4iwl+ZCvxicoH1wFjRlrUaf+401bl6hZAl9NO55JMc="],"block_size":4096,"path":"image/dino.svg"},{"block_hashes":["5ffs/4lX2Dg8iG4a9ssH34NhjlaceqzYe9jUPHPOoyU="],"block_size":4096,"path":"image/edit.svg"},{"block_hashes":["9fmu7xWVZY8UDJ4wLYdjmeNhcudgzhP2lUdHIlapF/A="],"block_size":4096,"path":"image/gesture-saved.svg"},{"block_hashes":["CYYvHcv/RIcy9bFDedBl1qKF0488kz74sEyRnp/xCWI="],"block_size":4096,"path":"image/global.svg"},{"block_hashes":["mUUg8Qv9KhaFRWbxJOskGiB4bVg7oOpJXjgtFgq5FZg="],"block_size":4096,"path":"image/gou.png"},{"block_hashes":["rTAa4KZdZd844ojKba14KVmD0fftDJv2Vs5i58YB8SY="],"block_size":4096,"path":"image/group.svg"},{"block_hashes":["QF1+Qztc3stHMaF6b/xi/zLewBw/fU+QwxcMH0ik2+w="],"block_size":4096,"path":"image/help.svg"},{"block_hashes":["jWN4jmCjRUsN0be+AVer+wvLnls+ooyo+oYNodJlVGA="],"block_size":4096,"path":"image/icon-close.png"},{"block_hashes":["Fobb77uQMWnLSoA2riYmy8SgnQJrZKQRLVaWM47HGrs=","3baUIyP/WZ1ozR93C0ZT467yabdpb/hEDEj0w959sF8="],"block_size":4096,"path":"image/icon-close_g.png"},{"block_hashes":["W6cKJMwg5ayEuXv1/hz9ybati2viaojrEB0jqLvlcyo="],"block_size":4096,"path":"image/l.png"},{"block_hashes":["yjSyDFYkQ3UJSukfYII7kSIOYDDh4W3nbwqukzKdsNQ="],"block_size":4096,"path":"image/logo_name.svg"},{"block_hashes":["0NoIoBpBb/EXmgZxXGHXBmA3gh6QLa3oVuYj0mg3X4U="],"block_size":4096,"path":"image/mousecursor.png"},{"block_hashes":["b9scc4G7Fl8g6CmvBU4QcfavI1aiMqt4bFcUwWCQQHI=","ZxPfRGO157rlL+3Tcyqd3U3zzz7TQfHjN+DJkCSkYDA=","lPdQm6Y5PQlmgoul4G4ZWGCjbDo6iEijPXgrkNchRrg=","1i9UAYiBfBe7RcCR+/YQ4braaNjHe3WBm5Wghj+gG0Y=","Ky245lywnQSxIkft4yXo/L2GspRdN+R5WrqMu9ee/lE=","UeKrISUhwwZ3yJWNGKSP+wL/jqXJAePLFr4hQj8dY2I="],"block_size":4096,"path":"image/onboarding-banner.png"},{"block_hashes":["woxN8KCNXhaFW11/Kk+qyg7bJ64DXof0jyNYziQtmPE="],"block_size":4096,"path":"image/onboarding-button-bg.svg"},{"block_hashes":["NYehAgFy5Ik3fgcZR+Yh92R2jlq9kScwiIeIxRFkNfM=","ux4tsyc0EWUApVWfslDjF93ehvTC32Xs/4dY1/1jg4k=","VL7GofmtUN5dbOP4ALWbxFEIi9m9sBnqssvzunNNQ7o="],"block_size":4096,"path":"image/onboarding-logo.png"},{"block_hashes":["NCL8Lw49DUi8aL2EaXkA5/GvefyCJkmgB/7gR8igG6A=","YCbvpfd3XBYWTgVALRvEXT9e9ZRWxMD6yndfQSTxi8A=","bTyUNF6SdmEpWaRncQBInIEClAAimUGkqNsWd7SrJD0=","Ds17y29bdcgCqhV8GnmKRVC/ePWuPGyCTqITVmdNMyc=","ckvRO55WEHqvHXVBkWMQjoqIRb/WgOi9ewe3rfARmfs=","0rhxnpF7dmFHzrnQhOEiKPar+3Pm4Hr1LJ9Z9MLAYto=","4mIuBCzQ9reNg6R/W5xMA0k8bT+L0BGtgpFNU6JoQ1Y=","bN+sTF8fIxw7VLkg5vXfU20I8Pi+0GtLRA45WyZ3N7M=","qQuQ2Ve8D39U+T88PNbal977PLwT3jmNkTWm+mzb+8k=","1x56JwJT2rEsmxrgS3TuuOFlFc0C4jX+q2JTw9o8ZoU=","99/OPXjaiVssCceAPJcPMoitoCKEwRanyd15bJ+7mVw=","xd+S/cFPiCyQzfd6JOC8YmfMu+byGs5B4q3IqhSTf4E="],"block_size":4096,"path":"image/onboarding.gif"},{"block_hashes":["5Syv91MlUWb4XV9bhSOs+MBVyeTgIJyMI6yEmr7Uz6o="],"block_size":4096,"path":"image/opening-mouse.png"},{"block_hashes":["jhKp34PAGl/cT+GVG5sGLh0AFtvzxHp2C/I2s9uRoTA="],"block_size":4096,"path":"image/plus.svg"},{"block_hashes":["Z3DcTwMCPH60mlSzRfZbaTrJY4dwb/XYM7CzrD5hXQs="],"block_size":4096,"path":"image/popupGestures/default.svg"},{"block_hashes":["2v9LpMp3duKTJf3zZQjYp+mbklyLdFTdH5KM9uuXK84="],"block_size":4096,"path":"image/popupGestures/down-right-up.svg"},{"block_hashes":["1pqclSBoboeCBzFwaBpodAgT4CIzF12e76qg24hZqgU="],"block_size":4096,"path":"image/popupGestures/down-right.svg"},{"block_hashes":["BJ+tV3+hAxlkkg109+c6/+DMroRFna9VTcjuvS69w0c="],"block_size":4096,"path":"image/popupGestures/down-up-down-up.svg"},{"block_hashes":["5g4Fy0WyhXshYnUMGuDBQdx+rBnlgLbbZIFhjM6d+Qk="],"block_size":4096,"path":"image/popupGestures/down-up-down.svg"},{"block_hashes":["8ncHu0MiMrikYfEJxXMk/sixjQsaHABCmSKWz4kMKL4="],"block_size":4096,"path":"image/popupGestures/down.svg"},{"block_hashes":["3r04p4pfRqhbfeeBH+tCUoTBxt7YL1lBzaI6oq6gTac="],"block_size":4096,"path":"image/popupGestures/left-down-left-up.svg"},{"block_hashes":["1AauBj/runFIgmcd/0lX1mPijg2zCrLIyB7dISiraHM="],"block_size":4096,"path":"image/popupGestures/left-down.svg"},{"block_hashes":["SMTz4VcJoquIek2ipXEtGzquumNofSapbrBvaEgcvZ4="],"block_size":4096,"path":"image/popupGestures/left-right.svg"},{"block_hashes":["0GV1N9nBSEA5+zNGyJhI8FE6NMWyQZTp1YVpFLRRJZo="],"block_size":4096,"path":"image/popupGestures/left-up.svg"},{"block_hashes":["5O4Kzd8mI/34CMkGJJgZ2w5y4ASwA4vTL3wDriTe4GE="],"block_size":4096,"path":"image/popupGestures/left.svg"},{"block_hashes":["G6QTsiyX0R1k70H4+0rOn93tcq/oZZHq0F8YJzbS+fo="],"block_size":4096,"path":"image/popupGestures/right-down-left-up.svg"},{"block_hashes":["Csufo4rSiD5k09m50/GTNH+U/Gt50IUsNoEUlXqVsss="],"block_size":4096,"path":"image/popupGestures/right-down.svg"},{"block_hashes":["EhrundHRbMWAGcx3Olq08Ku7ZBQcnpfs512A88nGF6c="],"block_size":4096,"path":"image/popupGestures/right-left-up.svg"},{"block_hashes":["lBHi5IUZ6A/2Ov3OOTssNGqfLo3qEM5tX5dnVI6xz34="],"block_size":4096,"path":"image/popupGestures/right-up.svg"},{"block_hashes":["o/V4TgxFengBTHBFZ18xPmvOsnAS/I4s4O9QcxLPjtU="],"block_size":4096,"path":"image/popupGestures/right.svg"},{"block_hashes":["dco/xySIYbvU9ptL+mjs8TEye2/jhxlh/wzBGKW4A/I="],"block_size":4096,"path":"image/popupGestures/up-down-up.svg"},{"block_hashes":["MiV2AlhcMzeXniikuL6HtDaMmNGxWN4uqVRs2DMID4g="],"block_size":4096,"path":"image/popupGestures/up-down.svg"},{"block_hashes":["ji5lMugQDVc6lEhUdJ7RYHHIAWsdOeg1hxg2Y0gxKF8="],"block_size":4096,"path":"image/popupGestures/up-left-right.svg"},{"block_hashes":["beGtttSlePmrt0ovXXGguvOQk7uzg06wbq8TylSyA5w="],"block_size":4096,"path":"image/popupGestures/up-left.svg"},{"block_hashes":["8Kfwqm8j5brDw1b7uhwjUfo+CluUWzDpy7EmZZymXos="],"block_size":4096,"path":"image/popupGestures/up-right-down-left.svg"},{"block_hashes":["waTTjHw45cjcTtGPQJawet1p4qwItLZ1eSsA10u+bjM="],"block_size":4096,"path":"image/popupGestures/up-right-down.svg"},{"block_hashes":["4/g3kGMS20M7ePFykAtxSQNea77FL3fhtMOVz/eKFC8="],"block_size":4096,"path":"image/popupGestures/up-right-up-right.svg"},{"block_hashes":["KfHFhRn+YJliwxY4LJAlxaq61PiPQ4tHr8W/MONl3Bo="],"block_size":4096,"path":"image/popupGestures/up-right-up.svg"},{"block_hashes":["wHnon1zFUYte/+Jg4EBdGycFVjzApKFRkVs+40Ta/jo="],"block_size":4096,"path":"image/popupGestures/up-right.svg"},{"block_hashes":["frTWDP18E8K+ZyYsAlSrBwSt7TBvSFEq3lQuLDC+mQo="],"block_size":4096,"path":"image/popupGestures/up.svg"},{"block_hashes":["bgM+/xK5GWqhce3PWo/2imSpmdz/PTULYS9MN0Ig/3w=","8VqFi1ESth42Uaz3tCwtz6NEvYoJNz0jx4Kzfsj+dKc=","fSRUPgbXvSqhflMSKcIbLv0VpE3I+lFByQd7Tx7jr4w=","UzD4B3VCIfLdEvZSDEpPW/YLfqbgGfCiTsOHZ9zmNzA=","5tluSftkZoMBYucIxwwGX2rYM7JS8AJ+k00FSz+g6xY=","TfIlyQgp+eSB0Z2hrCsof8tuPBszf4QdzxmEq5MzaaU=","e2n4RmgwUVevGux9dbLjAYE8bIXZN5PhNHC5yZcx/Dk=","gmA/Pqrz+CBzjOSW/UAURfZG4ktEwCh/kHdjEKyI3v8="],"block_size":4096,"path":"image/Princess_in_distress.gif"},{"block_hashes":["iLiTm5/CiO4vfXWr4h3WXRuInOgowq8jfIP8J9kYJUM="],"block_size":4096,"path":"image/r.png"},{"block_hashes":["a6Lb6BbMaYyd2ncfIaS4sfkLPQXDlmipvezzbw9XsGU="],"block_size":4096,"path":"image/radio-button-off.svg"},{"block_hashes":["R8JQNo/yDr590zYrKbswABMl6V3wc8xfPhpZP33xrao="],"block_size":4096,"path":"image/radio-button-on.svg"},{"block_hashes":["cx2pqQPKwKKQ9ivSmgGxRy/R893rA0Tof+A8u6+RNPk="],"block_size":4096,"path":"image/rating/1-stars.svg"},{"block_hashes":["D4e25tGv91plhKLTaLcLcmRZkhSGTSsPJ2fjTJjYURs="],"block_size":4096,"path":"image/rating/2-stars.svg"},{"block_hashes":["l4MBmzDUS05UAnciJ3jP8R6FiZ6oi9PdMc8XlrC4UTU="],"block_size":4096,"path":"image/rating/3-stars.svg"},{"block_hashes":["bDsnk+MmII00YRdj2cuA7jUffeN2MEUtk39oij/1AXE="],"block_size":4096,"path":"image/rating/4-stars.svg"},{"block_hashes":["FFlNUCnDixeb4pVB81LP8gdAWlEAZgzT15ZInN+ePjE="],"block_size":4096,"path":"image/rating/5-stars.svg"},{"block_hashes":["lde4sk/34tKLbSU/gdyXla43Q5VaDIXT5siL//yTw5E="],"block_size":4096,"path":"image/rating/star.svg"},{"block_hashes":["/EyrFOZ9XYdqp2q0FIjeBZkfKlRPqHU5xkkP6uRs2V4="],"block_size":4096,"path":"image/rating/starFull.svg"},{"block_hashes":["wjZbArl9v6xKCNdztcSS9X9iVMInuzusGBkZJxKf+Tk="],"block_size":4096,"path":"image/reminder-bg.png"},{"block_hashes":["Hl22hLhGC8D4Zt3Fs8WSyzl0udJDziNueELoUFWxZXY="],"block_size":4096,"path":"image/settings.svg"},{"block_hashes":["0wU7MEIlu301FdY/n/7sgiabiNeljMtxPgnmj2TQqKA="],"block_size":4096,"path":"image/shutdown_grey.svg"},{"block_hashes":["EHOlplynC/A3xhOOeslp1rrRGMfJlRbUY796n252EnM="],"block_size":4096,"path":"image/shutdown_purple.svg"},{"block_hashes":["1NTxVjD27hUkWO9whOZ+iw8N03z1d2Yb005g4RDI94w="],"block_size":4096,"path":"image/star.png"},{"block_hashes":["yBuFC8ot+C6GvBfnAEnapSZU81k64dD+lbY75+QHxNg="],"block_size":4096,"path":"image/transparent.svg"},{"block_hashes":["tBHzBlGKf7pOiTsjwUZtbCfZEfKlMKy2AVY2fNtk2aE="],"block_size":4096,"path":"image/u.png"},{"block_hashes":["UrdW9bZLgLrv/7L3GViaVM8zuDwFXj8Rb9svtZswSFM="],"block_size":4096,"path":"image/videocam.svg"},{"block_hashes":["A93sN++++DmLkfakuYCLevbXnt0ro+bLSWMW6+lpoc8="],"block_size":4096,"path":"image/wrong-gesture-message-bg.svg"},{"block_hashes":["em2PZCqyQAAhWrKmYuluYZaCLTLHnRgQutxZnr9zNOQ="],"block_size":4096,"path":"image/x-gray-background.svg"},{"block_hashes":["u4BQMMsiqWDUnqUMhubrn4rFTRVqsUlYEzixyCPQ6yA="],"block_size":4096,"path":"image/x.svg"},{"block_hashes":["pA0QZ0z5CFw4JPU8lx/39D2jpkmy8dbW1zydeRsCAmE="],"block_size":4096,"path":"image/xiala.png"},{"block_hashes":["1PGSr79Aza3ddPVgoCqjsVhrHWqilmhT/RV6Ucxr9vQ="],"block_size":4096,"path":"image/xialadis.png"},{"block_hashes":["9FIWD60GKiXFcAAFfK+2+r4UIr7Ingu7X6l6527g534="],"block_size":4096,"path":"js/analyticsEventMap.js"},{"block_hashes":["I0168U+wGVq+uW0T7z5dSLfk28EP/Nt5w4eHtTjd6Ro=","3VfTlEfpH4D9x9zMS3IOW6o7cGI+agodPnPhxFMpmYg=","Hpi7NiC0ZbWveZLrv8D5q54qjwMHLQ0YeGqCPJhy5xE=","KeiKYzRrG6uulu+GY+buaNbxK44+cXl17HTyGK4tZkU=","Ufo5uR9qZ10fRdnJsWu4LbWXiVFUkacxQP4QJHuauPc=","584/wrTVubMPmxJA88y/pCirVDeJ619iswUlSyh20A8=","/Be1U6F6DTfw917kVD5o5Vx11w6g7TvY18UVrPdlohA="],"block_size":4096,"path":"js/color.js"},{"block_hashes":["WEpYVt/MzCe34H2v18piZuJct9KDvH+WQU2iZhgvQWc="],"block_size":4096,"path":"js/frame.js"},{"block_hashes":["r0IN9bnKipU06AbfKpUes/IrN1u/871QDxMU2uOR7tc=","siGX9Uhl50tykBN6LIop5Ka2TkIzYqDORippBoX9sNg=","V3kBXzCx3tPzkqtGe4nML6fRxRMiWsnDpYkLQ2jXTGc=","je+FHRl3gNIlx5zmCk0EA5CwmgEkWu82rYtOo8NcvQY=","EoGQrLdC9uM13zaglvWWv/yHEnxh4EWGSVcqqAZNlhQ=","BzLNRzD+3QENkcRDI/m0yw9bUQbmDJ1vQQziTt2b3Dk=","9Hm8z17pIbFWaJKELM+RVQY/g2m/BcVTFAR2gaSy1RM=","65Cu/BDUhqU4ALE1Etaot7cen0LCCwD+rUqsmsXA/eA=","+3lTMa1Rj6HiXQ0u44+xLugAJQXrNVE8SteatGkt4e0=","Twp8++w9wDpuIU4wqOSYue7CsDMhuTE9SsONUSIkL4o=","e+zf+BpRoP/yvLoSL9/nmOXvvBQN7Y2d/q7UA+hjHnw=","9QwHxboyqi3LntDQcgUP1neOdSLE92dTt+beBxLA9X8=","f9mIhVuGgHjjqPlFy4Dcw33C+w+iinkcjLiUOU1Y800=","oZqoCKzinXAbbVsGseoonW4vQ19wDFwPJrpT7rcr9T4=","ML+6I12X6yL4a9l/aT1+MGkSzHJnnTfKPK6bnRvXUcY=","YtWco/+EfxamXpiT6qBSX3i93tDOkQJEnU8CiEkE96A=","sFn0Kj5Zqdzh7olbmwnZ+NLs+/ZhYtRR1Yeyf6nVzbA=","vQSKRXACXdvoRgTOgUlhNYQZOv2+jm8GqzkoFWv04Bo=","tgp477RjJMGW9uZrg4l8K6LSpRcTrhKrYRqY01Hr3vw=","katZwqXEp/0dIegX2UthI0pG6q09su897cQd1aDRTEo=","7OsqaR2jyQ16YA3Uy+QJoAz4oyFahbERSeY8ThFeDZ8=","lJKOTkHZ6v96dX1qVg+WZM6JI/TZ+WW9Psa3MkV9JsU="],"block_size":4096,"path":"js/jquery-3.3.1.min.js"},{"block_hashes":["SUFlMVGVg+WX3Mw4VtovoJO15zm6+f2kQrcEcwnn9Rw="],"block_size":4096,"path":"js/jquery.base64.js"},{"block_hashes":["8EQW3J7AqO5bqiS7rjRyir0DfgEjbNn0qqBTa4A02n4="],"block_size":4096,"path":"js/notifi.js"},{"block_hashes":["pJW3l7ydHRejtvfjYcSCUcXU4E51+cnFA9TXhwYk/6o="],"block_size":4096,"path":"js/optionPlus.js"},{"block_hashes":["bA0tWN5P/7UMZhtNUzQN0+f5wVNEuIOjQli5f3qvdgY="],"block_size":4096,"path":"js/topGestures.js"},{"block_hashes":["9xb3381Jwo8Nr3ZtlUZZa9bMztk7GkzesRnID9q0xsY=","CfXbqlBfTlA1jAKsdrYiGEMxmjCQlEUg1ggIG0YUJm0=","52+feExFjfyNGZBM1g0qnRF2VMnpeESt3DAXlJ6d+MI=","70peLEAB0SqE1LmQjuuOPKTNBz9oHb/wDgJ2gkts4AM=","oGxsNcmVExfHRQ8saNottLiUC1AyA/JDJg0RRHFrRM8=","VV2xa6mFih4yCkrqcG4j6Pn4+J/fmSYL+hHlh+tr1Pw=","heEbC/WNGyntFnq6eHrEeNUlj/GAs442wBWPAPo6D3A=","l+RbFkb+B99Qe1wiuC5PfdUyQEhpwZQWFT7bPkLSj6I=","HJCfSpku5esi7rhWdBi+HUbsJrOuO3Z6fQSR75MPMXA=","yc74K/LoOebaPS8bvnNNd6nYBS1+4IyZjEJtRcuA/Qs=","rvWdAXJIDVGfqV17ETEwJPINazgFartUzF1NSGEWn+E="],"block_size":4096,"path":"js/uaparser.js"},{"block_hashes":["k9z9OZ6x7Zch/v37gECqn4JRfljk1CSj6BKenf9xE60="],"block_size":4096,"path":"js/websiteHandler.js"},{"block_hashes":["U80Ny4REGexrXoC+qAzQvzOZRDSEd+bQuOkIeOJU5no=","SHRj1jJax+ZjHFqslGBpJr/Rp4OarYWvhki32ZY3yQc=","iE71cRQ8vaDsAADzZLmPPVbXTyokW0RRwbLeuC0T8Ao=","WI7CLEhBpPWOkFzZKQI1BfenRFG6msj1BZ2RFtXSzQo="],"block_size":4096,"path":"lib/select2/select2.min.css"},{"block_hashes":["SISnZJxNVe0rqbnlox01Y4nRWhnxvZdaWL9JY3zFcBs=","57G0H2+F/GZtlv0v3qnpRVy0kJHuQ9obLE5vcIV4RoE=","p0Vx+6nk18wwnAKhv26GW9Ws9UUGBdeIhm1XsBEQ3G8=","x/8EsfSYKUAIWqKT3S4HcBAF58lsU+AnkLJgRUe0a24=","MZz1HATJuuxeFPzuMnetT/u3h55rhxVwjw+g9vO+x6Y=","58S3HwgcmvG3Y3E37jkD31sEta8XrtF7j58tZ/VOALY=","GrzVUahuoA1Vrk6fXRgrphfEa0Lb/NVvbdcYhWM/SMg=","zgbif4KQztFZHfyReb0fL+1fhqWL/O/nVTFpycoMK0Q=","QtNlqqZcVJXZHzR1BrTYEHaZ3ddYIdkAf2XZhY6mOBE=","YsBkeuleVuFQOSEhVb4g9hrrCLT+iqBY62C2cCw/Ox0=","1BmzsEiWswd8a2+0Mq1ME2jieQ83A20plEBb41q2JrI=","Oo03Qx2Gsth3mcX/VeeupWViUAr+oATKpxEsZMh7+90=","HTGuOP4vGRZ36PIVm3pE+RIiK+6Jp39E0+iB+HtRt8E=","CQ6qjQVQ1P0UGCqyShEaUYBNQngbziK+CIFSPxBI+Z8=","U33QafloTmF9SCmwfcUJG8gxDVoH+w5Lxe3YjOCCa3I=","ecM3B6yDRDgsVXZvxOCvpzfM/1gdKoXfe0XRg+mLs68=","tFz12PXqH3gFp9c5f+lHc+0jWroIpVeyWoDj1JNALuM="],"block_size":4096,"path":"lib/select2/select2.min.js"},{"block_hashes":["1BNia8U5W/KK5wz4g8Yc+HweNtZtEwVpurTCdKy6b9Y="],"block_size":4096,"path":"options.html"},{"block_hashes":["86ojMTnbl2Inq/gvyKXB/E+Y00Ugpgr9Iu5T+LDKYAM=","Vl67izOV3jBnK5m3NsOjrCsj/xUo6VDgTip/ujvpkSc=","5YomAGLDb0vTqDO9eTwdb2yKDyNMtMeIR5cQziv80cE=","j2Mmu3z9Q2GWuPfC4X/8QdwUkkIFwrkjFoPqIGWG/l4=","ygT8aQbio01TT6tqZD505QMs5bHc+MktAFWvFYb34QM=","qrU/ziuJ+FzlPN54WhNif8pIBX0u/BLObQnJmQBpDeI=","iULQgseA+VNO/Wn4HQR6R8e8oHSawYvI8lu3lftcHN4=","uMr0hyrw0xm1mT46JDd50UcNR9G2dL2r7iLcYSzs1aI=","aQr2upPAtIWA+KYP7Jio9syplDKgBQli0bSG52caKTQ=","Vvb+v4eugTOwCqPOzFggCIwDZKitGEzgw8npUSo6+OI=","2QLoCwNfI3FO89aiLZc3t5KCLTUjcdHdViCRr3yudFM=","LTLiL6R51TkeerOlxrlZz7UpE1WB9q0OcfqQW0IEMRM=","jag093Hkgr3WVMluEa5Adrs7pl8YhKE21hg3YFW52v0=","hw+G94iMbhl2nD+/Md4MkX28yOzVt4lQpqEUN13+IjA=","nD9vtuPj9XXNnlreLSSopt9TD6+Rzp5w1voAU3pRMp8=","xA79KXSA9AA3Ztnnd8R2WmIDpQlSISXx/pZB0KYnPUU=","88eHx4XIApJ9HU+5vpLj4wO0IaIIlio9DbN+1EY/uGM=","dLY59fj84Dxg00Y2jHABeNUEQzVWj/bJUu+s4Mn+y+g=","bdo8BND4EqPMi4W72PYCvKJEul3M2uO2X5B4MFb5FBM=","xNpKMCzYwRjpQ2+qkH0YWCPfSBGxzQDnfPTS9JsqAnc=","t4JLc4/eXtCI0CO1WSUvTzCbnMJrKiG6hA04LJ7FZD8=","ydHiKo7sko/IkqQs3CW1zWOyyZ3gs9yXSPrem6vtp/w=","VpOVTOmES7JDG9xlPPcs7o6v5RxoL3XwwKhpn0/guQY=","X1fMI8diqsncKYdaZtFOw2W8QHpXrryqTsONhoTnsXc=","NtxtgTFqUO5QuKzlILP6W4BwHsS5NUJAiLE77vmxWMw=","JIk4jezCOG3VFZVw5Q8QR5/tfzMG2zId4UVBwd/caKU=","2sQZvDjo1VnQMrJNH5AWYgaqVLGoKscK3tN37S0pUOA=","79vxPuY1+gMgMJg1M+FAdrhCvaRAJqhWUCH3jZyBHLo=","RY+klQz2U2OOeToKB80236c7mmuJYs3bx0Y2/P4USf8=","g0BIaDsjLuacXsw1DtrWBufrxUgJoGMqspn/fwIwwww=","fG/DsyRbkalta5ZwMgNyg1S0rUmpp2l1jlmp0eK0Plw=","ykU3KJm8/+2MM/GedKmSLVKw2D1SkbASbSJ/WsNO5WY=","rXjRDfusPuQoSeGOXlVyfwKvQP+2B0eZ0CI+zEezWdQ=","qLrvnxPGAEy0vErAyVG7SjCGagzutYQhCCerMHyKQYs=","If6LHDd5hJQe64fklpnnknXEgPBM1X/KewElAuNrD2w=","BVZWKdufJJ5Q7zPIPM4UrEm/WGb0ryelxDppSvTWYt0=","i1WIL563lii4A1AcxMbFW39IEfDiMaCh93VLkxDgXF0=","ZEaOUQeze5iQgl7ksNbhiG4awCK0psDv+VOX3JfLu5Q=","znprgtMvl6CQ/GMJJvzTswT6fWRvfA+ICOH1llwDo/U=","BMZUkhM6nxXGD904g91zXxko3pOObwsQxD36uSBt63M=","uxAb40XcvkIGjrMX7ODla5kwYXywFzdfPuK0sW862Ks=","MDdailZ3pbx33gLCbO89ESaQmGYYS80hFR4TG/5lNI4=","fh8zrvaMbTSe2x5XilEQYE4h+KeBwSh5tTy5toBFW9Q=","8c7F5bQe2ixBII9ylJ8b6XAQ4LB2Ng0y5jeAaVsuN3g=","VqKPq7oj7b+ZeXeAWuq0WlRWi3Bu79v7GuG7JsnwhSk=","NqldrSNY23NvGn5ri9wzxXP4D6wr0xB4ve56459ea5g=","mACknHiFnWcloAZqnlK9dw2ilH6m1r+xlr4Q07Na3q4=","Sfe8D0EXRoCxKaNLOS0Tc2emqNkhiLhtQifSVdoKIJY=","itkYKWuZ50557FiaUMwlYhlC6m6iY4A4aMBzku1v4yA=","4ctkVDG7RGWGo58gnCUB1riU4Xls0WIYNToEH/eNWRo=","S9SM+W1RaiJv3Ozwcis6NstZDXP1E2pRV9ZYla0lbGw=","T15svjqFjeYIM8H2iTund63KM7pduaPmW68mx2u7YLs=","ZxPgSrNWW1ILoW4orI3E3uxErfKLwmJrLLfQfli+eS0=","21oSxRfLEfuBZW3Mqmige8Cw80bPfuTxDERDbzmlUIA=","3ZouIay27ANeZFUTeKqFJh2z4NKjBYBYvI/q8qQUW2M=","dVtvREnT1uk+ogZz12wlTAMADVB4tnnkaediL/bWA8g=","dVaH61knXvPep4wp7DA+SN2WarwDwhYvpYnh3edCEnE=","z0UBH4h5L/pYeraEt99OpgVyrxr8KUSQN4skt6wzfjs=","1Z64stmXhQzpNWA9WfmDsZhE/4dxZTBPWjsw+juGfHc=","5AsjFvJ0muukR0cffGk2PRakb0eEg8Ru2u+wL8Dkpxc=","CvhOj5+K1ZPmIR52TuICsptBcUVsl18/N+zoY0OJREk=","JTfH8tLVOPj/U0fXtZlow39s1Kqq5OsNFkzpOzJHkb4=","YA5VuFGztqZduKmBt9w3J+LSGrpotya36aqW1RboLuo=","hQO7xTHBBekc5A6GBPcSALhNOp0pLudv2sQuAQ5OiTY=","YrFSzqGxXIQOUBA/oqY0OlhNhe8Qw9UCIG9ABXEGeVQ=","xAni47r/euZ8rF4z/dTW0SX7zmKl20tL1eP9JPtfIB8=","xXfx08ajtbpaM0XaFmsVsPOt1CcKTVtSj2wenU1HlOE=","5ySIupEFCxVc8GrOs/8S/08AMkI/GpNu0L83yrYtB04=","9DR5BqoPtH0jJc6SIqEQBpXYc2pDHL7CqWFBR2DyoTA=","E1C6TGRejAsDSw+M0af6EjyoKPYngb8L25ZYrrGPRd0=","0JjnqaMh50Rd/M6Jm99XyWs/wqO0c9KtZS1JoEz138Q=","dju2lr17IEGcEYH51F80jdg/2DJsb/G20L3A1d/ITC0=","GeLRn/mrse+4YIPRwKv5IQ4AO5Ev+cRyvjBD0pNSEC0=","tg5p/xfJqOVAVINxQh5xZ2BTV1maanMYoO/R6IKdTMk=","b8r+0yD9TeQ3464QOmXo8NnrP9yuUa1cS22SwBq0fQE=","wtfwgOwKt6So90tUYEVhit5BDnHxvQhinaziAvDTw+M=","LHQzlmUWSxTWUqUf9PBfEtCZ+Bhp2TKAxF8CcAhMQ9c=","sZ+ufy/DHWEzevs4Fnh1PRBq2zKFGQWfBBPemXXMmhI=","xbbpcgCeUDqIkYMaqZUJuTnRQxaihcZQRM++yNobWug=","XZmhJhTnilMwOoV3jRY6oi7VTTN7Ag048l8UTA3Lclg=","byO7VRAa+ZZoR9Y24qwXVewb/hkBKBPpFR8B8pBbYEE=","ijOz1Dfr2Wo3LpNhbAIjndjSRwFrF1lMW+0boydQeo8=","BnJeSeC7GbsbJe0RUmubJlALE3sh8HP9jqPWG+cnR0Q=","LooqWr5ZV/v/S+Y0vwYeatOyCGG4LhznmujR4t4yd4U=","ZFt62NWoP/88OqXzM4JILQK4G0+hz7wYlMcxfc0nOkA=","ksHkH4azxPSs7lgRoJStn/2wcWn90NSivSN93UrGmes=","KMNv+2DjQDiNC3pHacYC1MDWcEeQ6O9dE15go35oJvU=","BniWQnrnVhcseqiF3Ro5ihu48y2fP0m+09M0BdRjaIc=","B9Av3U/QjZvnFaNQrJEDUXobpnJJB4Gqv/BgYh5Ecc4=","N+JmBRT7Iub2a+bXljLZcY4ACq2TfepwDwN5mMJLK38=","upf6CvURMqi4jZQPHPhsdbuzQXKpK0qwNycSVD/n8Cs=","rmsm0uVOr7A3XAY3Fct4hoRa/0vjLe4kyO9VrjKmH7M=","mtqo2ROCcKrywPO+K9GUHKbm+52HXUuJ2AtoLNmJeh0=","apzBey0F5xFxshDr3RxHYeUxEJThWsmTsQ1Q2p/coWM=","1PWX1uakNcTmIQHgNrjy/iYeCXsM01G7OLJ7a6h/odw=","nzc/as8UuReglyxMvsU3RzOlwl/gFVcguLm80CqihLk=","ko4tfx3S7IvwIqi2EZrGwE7xUPjGxEAhnxd+2e4yne4=","+E/PEpFXDnzNp1cAQ8d63XY9DXVFW6/OVCP5/okMg38=","kjSbueiN2dUqHD8AJPv/zLaZKGc5QmqrzAh6SupXR5M=","AFc2bySPa5PdYRwm+GQ6YBgEmT8qQIoxrgDRgM1JO5Y=","hJXCCMY4BNN3+BnG8S0LXvPmHJ3jaaMmJQfNql5HRU8=","fKje1RTUN14HPC09zHx6LfbT1ysdnUCaPbVjelGRJrg=","TWI16IvNdqvruXidXPqAjRPKKs2D6WxtW+gZPmAPOhY=","tjZ24YK8/ynUjtV7CTOHZk2RPCLjTxBAXErs1vcTgro=","zbs7CoelZEkcy5Wrez0tdSpZseVP5bqey63Wdao5bA0=","PMfug1luoIjdfQm2Y7PcvxNJg5zwJ1oxZuW06FRunxM=","7zTPCxxZWGrYLOGsLKidCQ0qI9TPPpD/zIFwSPH8qg4=","unVLz1u8xtglqAm/fjkjggrNUr2iB0GG3jXzkZq6OPc=","d7rRBNZBd1S8uZX0o9bxsNdQrCIlt+DP3Ykiy7eZzaU=","tFv72ciKu6mh6pYYqSGGe8hbktVjyiL2cYz6HKi0hio=","oHH2Nt6iJ9JAD10a64u8MEzFIYyyO346n4H8A2i6EX8=","Fu7BTtAR3v5stlikn1As4dBeTJIOobzL1w2cbSLd7J8=","T6NBkybg7xi8C+AyBRuChcy7RT/fyA7hu8qZt6s6lP8=","JSb7PsCMaIM4MuRwrTTe4B+jjWe2wacIdqBFP4zU7i0=","UVdTSm9gYGqPAWnB0WBSSXm3MMZlLEwo0+mycKUEHiI=","KSY065rFLdIPRXcjMuCQCZ9ymKXwoWNrY/X42NrIl3c=","PJymSSpbbQYm8RiJ42CN+YDXCckU4krG9Ctvx0p9KM0=","p2XFkBXAQ3JlLI0lRNXRX3NysT7OOEfG/TN4ERuWf/I=","PD1GjjE9ffAsNk08gSk4/oHaTkxI6cMzQlgGTQ6Wm6Q=","OuUazka1oG38TlxX7Ep74sGyca33SlKzFsOi70V8r9k=","itVSXp4biHy42jIeF61lMPVljPv6I5dLi1ksv4OSlTQ=","S+NwqsWNdXAP734/0AiBhB5MVd33VW5LjN8RG5dNqc8=","8p+gctunHjZt2E2cv28diW+pxNinzDTZHDRrhav8FIw=","zOGabeJHlUHwRTTDwovwWoTqOgxLDX1DumeVlRyQgKU=","T1VAIL71Jp3gzlxCL65lNUwZAY8DhoqO4OArk5qfl8U=","uC7Iq7ezqBQ6SPYqLjZ3auQ2TcJKJ5Lg9k+XMEjBWq8=","guXVE1GW9jQ5YMR6Gr4FRySmmXVLtLc/QNNOeCKdT5w=","I9yjbWBw1O4ewe1U5csqyVFdjbV2erKROXNFZUK7NCY=","E5UzZRKbreum6B68w2Ijo03T1MTNuylEi5X+0QVb/cA=","B00/0IKiBEf9nh3JA4yiRr67UOpfYnobM8BoT87HgMk=","NCqcuNDGHL0RUWHulDOG+yohfmZ12HNS134QZWgBlWY=","uKGohtPC5QfZeSj232JowLomAiIwo71YDMoUR/OVaWU=","ufg02hyO/Cm+SkTh1EYqAZDBMk4OrCrIfXJu40bJe+I=","Wg96tyE7M5trxrBxxSbvTZBeReWcNOFVAmzRE5xXYn0=","bv2Css4aO3Z+YB57DqtubnRfUMBw5LvDmFzujEEHaIk=","E37WY9NtPOVuB6wz3ncnleDegOl4f3LyHnzixk1uylk=","xs4EGgh58eQcHLInmaTbd9Q0E5KcfWS5OewVgOkjg18=","PDyTwfne2eWBn7Qw8bRaQjzci+/uaVJ2PW6312vfl+o=","1nMBMLTFAiAlo2ukzDe3LRgGTq/xqFxX2ln7ESSG6fM=","10hkRucpstME2NFagauRw3iUdC9WqPI8w/TkleLPKRY=","BJVTuXVqbnx5cFGqgdCFH9Sw1R8WkybY/k/l31ddOnA=","Fpirn6w6DP4vK2FsIPd6s3NkHUFpagLmYW3I/6atzog="],"block_size":4096,"path":"optionsExt.js"},{"block_hashes":["9xmRdLepV2YxI8E0rWpyNne3SP6D+AKAb538ubqDosU="],"block_size":4096,"path":"popup.css"},{"block_hashes":["QhHSiZClwqlegtBLALhTj2Q/1b3+mRwIc09JVinUAFQ="],"block_size":4096,"path":"popup.html"},{"block_hashes":["xxIIiS9UJdimlYiyvrcm24g+Aeh1KqwckHqjkTB9oww=","636DjlFfvSZlbknrUvajBy5jJIC16qcSq46BUNxawgU=","1MDUQDLF49c+pyJ1t1ZhYnR9xLR6gLI6IAXiPugDfew=","6rHahe3V2L5k9gVVO3cGWWRGwtAm90vMv6+yja7oiFA=","cf8sDadpBkiLZUBdX+/Ix1ffV0WY6j0GsYqH5lx+SQw=","qrU/ziuJ+FzlPN54WhNif8pIBX0u/BLObQnJmQBpDeI=","iULQgseA+VNO/Wn4HQR6R8e8oHSawYvI8lu3lftcHN4=","uMr0hyrw0xm1mT46JDd50UcNR9G2dL2r7iLcYSzs1aI=","jTZyv1GsVY+W+xul+oiLVApllmExAmoaeVBiZQSNGw4=","WYYVSYj9rdLYkwLZeUyhUlEae8ueTdM6xvyBUU5GN6k=","kv+drbWDLNFDFPAqPh7KdB/X09KR2X9D3KBgp4Htytc=","9b4KEytD6eS3H8pr+ol1dXiGeXvwcuZl1a4xskUBb5A=","di+p0gI65xO+3KMCBdgsgVmTizwNRM3CNxtEr6YCy4o=","zB/Yf1LBjTJaf7tEjTKtO29+W8aYp/pR2s6gTypjz74=","ovryCmJvjzK22U9AFwycnuSB9EEsOUkzQ7ZaUJgJNvQ=","rr7FPmfRrOFk+F5WxsFBXZXPo4O7Dpnk0CO9gffxnyI=","2ZLQQszhQPATO+AVB8g/WSeY1QUlsWefFTDgpG8Ty1w=","GzSLHZnOe0SSAbYlhbpc+pHtMMViw/aZF5P9l5sfFNc=","5DmIgcw28zVl9Z8i5JiDlnQtdV3MZt/UZNTY/SVt1RA=","kLtaC/3jibbXXY4hJX5UPJaPLRmpd/GNe4KvnDMZKYw=","QX6ltRrQiCh6TmZ6XMnhYfd9px3yG55SWmF24o+4Jcg=","g7ynQ4/uwM1eZU55/cVMfkntHmd2jdGFzPWLo2cjLr8=","/YD+aLllfa5rAjtZw11ne2FQGtUPPJAYABgFZyMmyHU=","lWj6aEtQKT+kc+XaA4Bgw5fqRqS82a8BIQwlw+cWPOM=","hHo/UYeYjwEkv0mfCh+o2W0FgpIKVA3a2/QBKHptQxc=","9scZs36eOnfwa4xhHbrAckKCVRpbpkVN+Jl6Q9vYOys=","KIBgqzdFo8Rkc058n1Wg2ed1oLg3tjEXnsmkmEh5ArE=","+vUZ+5NSlRihmP5+STzct4Km7+rbWnGzRrLF725EbpA=","k0WHawsPsAZe4g59MbJuy+x05P2lIXueuhHi22YT0BI=","CjyweR8vwwLqwJ46YlwnnYzsn45IjdDHfuxUcEKXo8k=","6qD8IIG6Xlh2QE52rhhrqWyEOk+vJ1MRundtA4Ikg9g=","McmYH8UlzdNS58yijioSxor9LR5QlQOhVtVAJTeVc9g=","uPMP8u5V98Iz/FxKD/VfQrnfpcTtaF/7dn5Dmc7FCSA=","BIwyNiSNYrNtOy8iR1bE9GTQh1pWa2kOKDCYzkmMapY=","wb2yBoAz/eOjVf1K5KG4WJjRH3lDvYbNX33fi+qwE6Q=","iFogynqxUIC3MAM2kTN7dcogIePqJuX5STkvvEPDnr8=","wAasz5ZL0h1XZ6vQRCCqIADaKna0vQT5WEodeSgyMBw=","/WD3mYhyN89HFjutE3BSi4rW/rUefVehjn1apNQ4QC0=","bK8URbhfoAJW6XQmuY4Vywxr2ljNHT/A2S5kHK5k1+s=","kYn7lycOK8KXTDCIYaioX0ITZvbCMhQ1uF+yMTRE1WM=","CKO3jQQyG9HUlGgoDdPqVH5RIMyvzis6u3Fj40vsOMY=","n+6ytQrQlw/a1wJMASFRasHKt1BGo+UjqC+B+f10Hk4=","Bo1D0gmGh7giurEMOo8IZJSm3PdUMUFWjm8ABKSX1i8=","HZV+4Jd6I6z92rrtlZ71R9JAWNOERoCaXdaffwBMGOA=","/varyzF8c9oONmxnah4Z+46HzJKNwuxHzTi84N3YJio=","7x0qnrAh4nvyktWGlH3YM2DidmsxrFsZeCMD+cZHAM0=","VcM7q3KV1+ysK0LoVHRCgTVxSv0c1ZLfw9bhGVuqdrU=","CXgttXRSLRTvDHS5vzXMg85P7nurFGy5imcFXk2dPD0=","uu5EPWJm4gTJw+1QwdhQBySnx4QRmksrbYHWQNeIzV4=","SJoZiV0cvH6b/CSL2OMrg1I/Am6mojHAFLZvTviBz+k=","vmNw4UtGBlJoJTx9c4NtvSFnR+hLK9k5205fPQUq/zs=","7seQzOdF7dLv3EtNZZSGRClgAlNxeefShoG6bY4T2vw=","TCvlm3S1bAzSc5r7vRhfQcCnk4Rlbeme2Fcd7aVGQvI=","NgOJ1PTaj4dsViLO08dt+3/RXSJlKlFqcfo+dHyN2E8=","f0JsIPRZpq7w93XD/lKdVL/mY6SLVZbgwUhlG7QG94U=","lM5M4iiogUhccxD88jTbX6PMhXD0WmRzF4pc7HzcLIU=","DQ5NWARbH4JoyrDhHRJbLYRoPg+gwz9yOxB0+CuFs5Y=","frNcYG7MrACTU30R6Ls0Nv3iwdw/4d0CqAEcNhFON94=","YzTpAb/kF3dRC33jes9TCKAcxDovp3UEy34Hpel0FeQ=","u/Q8vrC2PSkLlpPhYaCv43cmgyAmfSX0cNsT6IyT+Xw=","Fbwx/1hKcO8ttOh4MOfwRefhWY8u8i++4tveAlbI6yE=","XjD24JSZMTenoybvcTEComfNkpvoXV49FCnKZ/MzGFc=","jgx+UgLqLdFUvB0lZy3JR+rjJJsTa9t+0aWui5rgwgk=","BLbB+A7+oTZVxU52XkTUOOYKqxQ8zIb9Jxj+YO9+iSs=","pM0pK+UE4IXRKDr9dTQNQj4CPUoYjr7kR4pwZDJrN+Q=","cEbS3vpPP9/nByssSgfZQXsMQijP1rnhbgnyB50xqIE=","kmxF91FLgs/rjaA8k6xPf/SX4/lZvIAfyrA+j3RcQGM=","TxO+bQVL1nLtNB7S27P+BNxUG5x9Nv8T1pNfHsD4PQM=","f6em64Z2PL69GWBYtbKYcSqBzHcwx8JgLs08khmq5ZQ=","Wwkaf+TFfFxFcwlhz1hzrGcvtEP80s/LCRqw6SyKzzA=","PbC19ON1kU2sXAlYdl7KL1zFWl1vp32o1GtZqcHy6cU=","1SpMNn6GU8+Li65c6qlq9OvaIQ6GpmTtzfWW5b81zG4=","zG4peCvtrKI34t/MDv6sb3yrBL2wriHn50J4/JrNT9g=","Uh1haxttjB9pUopYULJR3jw5FYD5wUpxmRlB85Lj6b4=","RDd7bb1WFKsyxjvV/MX0E/LIsGLSSOl/kMBTk+Uoouo=","d6h/1k/jBP5Ncjze4kMB0RlkrSIEVmnwJ/TmMsAeE3g=","t/W+765JpETcYXRhqtWFlNqM6i+gh3Bg9d1vzsQS7Xk=","HsleWgMnBZWke1FLktZyDFxIMxCFrnxOBwTauqkUros=","K1sXHOGghfJiH08RLi51lZ96uWzP5XoEhB2Nv+0nQSY=","ahRBIBE0cHm/BKuTlTYgQ0BP5MnAjDQ+a0bdycH5XLQ=","2QvIbJG8RSF5uivqi6yRr5qtmuhARDarcF0VOJVHc9s=","DTyHy02LV3fB/vZEj5iorjLi7p+dlhgbg9g3tJvxA6o=","JhRmwFPXnQ7wpU13js/HvOUzzqhn0UoYxJYuHVGM7Io=","g9AazIYedVwyTyf5jE2o6r7AL+zplhPckw8VquIAc+0=","hjlA6kghoju23+ximf9dBL8Khfo6cmGZHyKS8SYqCRA=","MiC8aeiG2Cg6XjrJZDAJjPxjgSmqL62DEn9QE7r1coM=","dtMjU0vi94t8tBFKNd9teWYYL4LilEnGqQXgeKi8Nqo=","n/yZmeyaWYQK1v2CNKmnQvb5sNberKRyU8P+7Ks2l2I=","vwyX1wvyGM3Zp73vtEfuHhkgKlZwsf5PG1vjLf6fX7o=","zREhoF6arDK7l2VeXtQFgPy6aon0FxcCkTCD+NKOTBo=","cKr6SJzuY/Lronp6pXgWydlKNgqAB574C8abjF/kgvY=","ybhATQIsEm6uLSU/s9CPwOTq42gqOp2Ui/L9XrcRD3o=","29arvkHLa/DPCx/ZdzXmdspITj0nvsnn8MLdQlwCCD8=","F1xhkTXocHlPd2ghNbgr1MUcN1lGxFvQ/z4pvaqM+1w=","zxiJH3eSv6Qt4ehsFOtPIibHSHfIZQV30lT2HpdNoio=","6VWNDZM5quPJMVs+/2tEbfoYiAVw5cc/3PjqJIthJaE=","noWPbQ8dW6cQv+uNqUzeKZjxMwHg7Z63uAZq/oGzxuI=","eqjSSIu8wQBRufDMFF3gBpzl4hFtw8YIi6m4c/Cltn4=","ertvMQ0cB2v2c3OMKfPyCgaCzel1rk6SegLBW7kruIo=","ZLz5lut7Noc/mQczsjTJG54LLqASvMeT1S6cdllzSiU=","z/zsyoJw79f52gVE/RBmmNMtCp4orIOAGMbqQ6h+m50=","TA46e2OQkTRcuKsLiAXKZQ2hK66pGqHwpGGP2BgSekY=","1spDttBS3AHFuWLxdh8LBBi7luHD8yNYOnz1OF4IU+Y=","j27AL2Po4a9uVAhb0ot16JX1Y198zYTSRIBlqjsrFrc=","t8dwsDiqbIMFeuTFxXcr4YaZXMJS4YeOyd4wdm1qMME=","7fp/Z3ALam178nuv6cu5G62tbVwDeb7QSXEe/rY+or0=","wFf4gEDFeV3XS/gFTqgZ4k5KWrHjsm0cuwOVyNvlmdU=","FZxjL4+31LViUrcOGxE22voQ7plYi1JuNkatZtdPGfM=","NXmhq1oC2PCOaHYDwiUSTyNaQz8qO91X6GFAbvCqyTU=","+TywPu4k2TsrF5ro5Ihp/2Gqt5HI7x7s9SEcm3BAVOo=","lzvX9NSHPlYbnWk69TNzCpmAJLygf24lV8nMZADuALA=","BnF/F/izE44FacZFZajaTx7b95myy8SZ3ZVA5jpyaB4=","fPdWQ93WHVJtlHJ1GUPTnlWqF0psvYgdbqHFikkwV2k=","HfSg2zvhAOpwFhxTw/oa5DKDVlrTI2WHsgF1BVTsyNQ=","5JBmlJAedLDOqdnIt2Z0ADRsq2etaZdaBuTqNba3Dzo=","p4fR5yQKv9RfbAO2Fivw7kLOJCT9HwKh48n+661lpfc=","mSxSz0Um9IApJCBteDNC4kUrenj4ZgClvUH+R6U3hQc=","mUjDAHQKsd8aYS/39A5BoC24qZimtg5Kj4iVnaN3xuQ=","Gde2hSZzTRbexMxyiOkTZIwBiX+DVGEGdgVHolPZYq0=","e1WjXk2MdOcmNWzHW4oFhDaXdcG3Emm35Hmzwcs9N5A=","ImMScecquLgWP7yWl5qROxhHobYFUvqYETpGWh1whv4=","jlVoSiuGwkTGOYLPrsTIndPGAfvZBoXzT5zBySPHePk=","4VSfiCsiZ86wVyjFk1/+78vrxslq/0yllYWfqMTLEbE=","lPTv1CRAPIQZIPRbj+5T3gP67y5cvbSGjSoFH+QiTdg=","DAbyLtrBXJYpLJXByZJ6r+difizEnnS2hTiy5Y3hZME=","95GpxycVRh49auAq+PGZWkvcSh8eN3Euta2eAaoHQBY=","BU1x6SNL1Gpvytsna1I2lfupuwnY48z1W44grFrfUnE=","SiWHOnCwhPw6XJ08WDtKnQTV0+XqhrpruZU3h7APnXc=","+cKou3XX5TuhkfupNOvDeQQSVfVIJkhCbAcO2kdvFJQ=","hMaNEWkVFD58dqJAnKchfk3XCrwYDOJcSOSgDPtuH4Y=","EROqeSxOUDAuCy/3Ms6xcZmSYPNrCJsFCdfEp/sn6os=","LkWX8gcGzJg8SifFGw5RJ560SzZHXL6irxROJfrWqvg=","jHolXuN8S2r/yT4r9ANAmWnsDg4mKIVmnfj6pP61yQE=","JmB3Q8U6f0bBHCAsbEsBbC3K0d/V9VEgaW2XxXQcT8E=","VwPN6pwC69vO5vd6cawWd9wftlr/0v/0IT7o/aA0I0k=","UWBRvt0h0owmV3s/+feJ52mIR2vNhltj0/JWjQ/gGkE=","6TiIxgiqYsXlw1mFuLs2MZoShmhJULBO03vr+WAsnhI=","UGnGUkxsYWJIVHx1kwA81I+dk2c7feXWTJTjhTiRq6M=","o3w1Pd2VslivHLoo2TqxupKlzErhDIUFTONIKIrF6vs=","FFbIq7ZaPbjlQhcOxAz2wGLXCWnNV0q83BPkLmN2p9s=","Vf8KUadJ0aZVWcNHcpfMb7kFR+ditJAPX6tdVlPhf3s=","N7GhbSPbc+CSO/vWcpKyLV03lLW5uVT220V80rVsTKM=","2cC1E0FFjUV7hN5Hn6tAdNS4mdGrEViT1Jcy/JGKzgk=","wSWnqRe8KVU6wO+aPbOPx55cOqcCvRl4QHyLZ/7aki8=","l5fbWOxIGydEPN7FPt9kZR8VFrr/p2PO2wzAK7GPVLA=","cgza0VjB58+DDF8alv3jYvh9Mq5BvmMAmolWeJnGWRY=","mPligZVH1DHGkToLGZ5ftloTHDWgtJ9s0Ltdbgp8IBA=","XaEX57mzbUklLlP4qXXkOqQNhK76+LoyhbiKx9dtTl0=","2VcjfK8MLyeMh4C3hys8rJEgxJMuZVrZ6xOBJzaTyu8=","1ScR269/fUJp5MBmtAb6L5K1JSYJNYdF5BzkwxLUjS4=","4Y7XTRlNX3De8TpfbyOzYCPEJZMcfpTmtR2uRwGjqgU=","vDRrO6gwixsWP5VGfwFGJWJpFwX2Atp7tdXkfficl3Q=","envgkF4zI75rnhu8oi9TrDeUXhzKs+7WSffBMxMirQs=","PrIJf5E+QcnzMPE3w9FhlEw7VN/RLQrpcRjG9DviIt4=","Qp6EsVwo+1rWlFsne2nYOxzZYCG4KrEHa6r1o/++Gpk="],"block_size":4096,"path":"popup.js"},{"block_hashes":["HkIAAcNu+KNUVdQ5h1RU/kN+srPfst8m7/99lJNAo6k="],"block_size":4096,"path":"popup/icon.svg"},{"block_hashes":["9xmRdLepV2YxI8E0rWpyNne3SP6D+AKAb538ubqDosU="],"block_size":4096,"path":"popup/popup.css"}],"version":2}